0,0.03017803447743128,513
1,0.5730920821297502,308
2,0.14257314814165434,272
3,0.24658378236742773,183
4,0.9932836690039847,234
5,0.29847439981371093,859
6,0.529844366451704,608
7,0.5686181397136065,367
8,0.37277838317553647,382
9,0.6312276600200685,200
10,0.7425642435358275,1102
11,0.21285988561640468,438
12,0.3705190232312563,269
13,0.36618522452468005,330
14,0.9649030094269846,158
15,0.9635876769290572,970
16,0.6848575374603186,200
17,0.14896698268570696,285
18,0.9884153370739106,349
19,0.4490045105549788,364
20,0.7224790206950911,384
21,0.7761442360967616,479
22,0.819427090049092,796
23,0.8908480546412273,313
24,0.2119022632756452,303
25,0.3020874216681846,242
26,0.3479945127823454,421
27,0.1615285773063625,571
28,0.9367920986669276,228
29,0.013516854460699834,242
30,0.8081776605024854,499
31,0.4450865212826318,467
32,0.7847728932867712,261
33,0.20994134676221377,377
34,0.8212096138710007,730
35,0.6188099238888874,339
36,0.18375504064187165,187
37,0.8170300926525144,357
38,0.619055470831627,332
39,0.3025022404434349,627
40,0.8519509887772918,256
41,0.6626343946819904,184
42,0.050881981421665334,262
43,0.22688197128862841,121
44,0.24267102104596638,337
45,0.3187252758502903,101
46,0.9646042842587881,239
47,0.7806978264229545,89
48,0.31885622014207526,123
49,0.5370652325519,258
50,0.27595519554032566,209
51,0.27701059703999964,80
52,0.2136213829069712,75
53,0.9268608198300635,261
54,0.8686122327693743,579
55,0.7284566898536404,115
56,0.22296840456500278,336
57,0.11016365379944859,331
58,0.5559928139958135,128
59,0.86066439644302,214
60,0.3276537152988148,163
61,0.8186927633681746,270
62,0.3728588115464342,503
63,0.4172178515549566,379
64,0.9122305120381737,370
65,0.21807910916367723,655
66,0.3777365407869038,305
67,0.7385833453461528,383
68,0.45606268039597275,231
69,0.9909998520775949,220
70,0.6126279409067285,837
71,0.4797376043165623,54
72,0.8717313970313226,282
73,0.41772249869783096,503
74,0.1735683539811924,336
75,0.3928161061633214,285
76,0.23200042035550628,164
77,0.5693303148888855,277
78,0.40667593339263297,146
79,0.23157656611803568,318
80,0.32832600013106605,791
81,0.8603302523224272,281
82,0.0327342836349892,415
83,0.5255613117666111,222
84,0.1695141893161053,690
85,0.06040104393064527,286
86,0.5652672440268143,245
87,0.9560151211830034,445
88,0.3016232204429018,284
89,0.45051837426676544,542
90,0.05713944823566475,51
91,0.9990831405780254,221
92,0.2501875054449838,328
93,0.04063781724480042,84
94,0.6061409953117508,183
95,0.6175398467744709,442
96,0.74281755670566,413
97,0.3898181407651753,72
98,0.8942324237013767,262
99,0.9361511549575547,464
100,0.8391423671017805,451
101,0.41541618530663627,96
102,0.902719211355591,205
103,0.6029740044594198,485
104,0.8296804735289525,230
105,0.8688053222084331,792
106,0.7090751324195131,1254
107,0.016600690823347697,68
108,0.5217364730530997,139
109,0.7352776504238874,266
110,0.10105160246191702,230
111,0.6102599569604042,163
112,0.02583780257225121,208
113,0.7206053653550799,226
114,0.9642434833457976,222
115,0.7596428892038919,525
116,0.7660003662414532,124
117,0.2191786587228085,87
118,0.8836647483674243,334
119,0.12802010386766582,244
120,0.7158805219126839,144
121,0.03495241604477928,401
122,0.7599602619918886,591
123,0.32043851033603066,227
124,0.3775590934525942,129
125,0.40497688433247614,231
126,0.21581379998480044,368
127,0.43528824255144816,505
128,0.057038732091422295,236
129,0.7535823386166315,267
130,0.6574183452855077,538
131,0.31143161971425704,562
132,0.7781299486272735,194
133,0.130018617560976,167
134,0.012966504056098116,359
135,0.6863665130693705,289
136,0.8478074307929271,498
137,0.9867181533740098,234
138,0.17846678649661363,283
139,0.8027988358761012,202
140,0.246516637769002,644
141,0.587499464660371,442
142,0.0971147424687917,281
143,0.09227146962549859,232
144,0.9550811057416212,122
145,0.7531378761180719,287
146,0.9153670248857784,503
147,0.1629637917663187,271
148,0.9587745340515605,404
149,0.5987322608576683,241
150,0.5677439185712595,432
151,0.8115870400764841,711
152,0.42983610411982376,381
153,0.6109330024709161,172
154,0.87536563062481,363
155,0.0011685027937933246,250
156,0.0523430642341699,414
157,0.4217028087973783,198
158,0.6911274054355125,198
159,0.9528797655620992,543
160,0.8170927137683411,236
161,0.7802314578522654,73
162,0.6509372720709691,202
163,0.03558220399661671,318
164,0.45366869703298285,529
165,0.47732773951276286,132
166,0.6288353929148295,304
167,0.3141285315681036,335
168,0.49701125245179345,217
169,0.4370020406882438,815
170,0.023726528810448788,578
171,0.41277796630503993,268
172,0.49375651607350846,219
173,0.7296435041452103,95
174,0.07228799271732811,505
175,0.5247465773493752,72
176,0.5237569858635754,419
177,0.10284698895860545,222
178,0.41056784133334834,960
179,0.507811022434786,332
180,0.22660360182166117,107
181,0.4806694250432012,231
182,0.36147744012274197,207
183,0.7756418625881449,266
184,0.4229097368185699,829
185,0.8024697218925685,186
186,0.5837129922624525,322
187,0.08094238255076591,177
188,0.9880434343553102,256
189,0.9419914408624211,503
190,0.05562503943511643,205
191,0.05764050468470927,412
192,0.43041565368180956,431
193,0.4417343828955812,763
194,0.20667268305357134,112
195,0.318178856543876,289
196,0.6697153238319363,152
197,0.5621458158469327,126
198,0.9669620654168509,152
199,0.5392429157011402,258
200,0.9528827620728368,225
201,0.9967129656954857,419
202,0.7575420641455406,565
203,0.8584999543076601,301
204,0.5096582724146109,95
205,0.7905789947525491,211
206,0.6626733436240069,385
207,0.4187503282809075,317
208,0.14933818738056082,401
209,0.7363548377304189,110
210,0.2807202972975955,223
211,0.7431314137668728,448
212,0.2440356364686549,45
213,0.18497477161028808,479
214,0.055760081591701205,583
215,0.48186188715872724,152
216,0.17648786759072266,459
217,0.19659482901268,519
218,0.28585197913286,168
219,0.6466135493387724,621
220,0.06621109822219495,180
221,0.5630859371758948,363
222,0.19100272256768136,318
223,0.5531499859270103,170
224,0.8989849375941572,228
225,0.1294038205913315,403
226,0.8941649464515267,382
227,0.7209963888530471,475
228,0.3832259558362522,308
229,0.2724368117826985,264
230,0.10626048037533498,225
231,0.41594042098596307,302
232,0.27558403310522306,414
233,0.41587086103204074,96
234,0.9244583978592555,422
235,0.4234111798939273,317
236,0.9518250901517366,99
237,0.7245761519149065,179
238,0.8374344994575522,209
239,0.14415907381135062,101
240,0.6893329338844215,288
241,0.5965020522170106,1144
242,0.15915150755940832,404
243,0.05684133064148489,476
244,0.17780999005595177,225
245,0.5078722475488877,73
246,0.3983284435366964,488
247,0.6110041485747505,305
248,0.2650423488654796,88
249,0.9969045436748339,672
250,0.806340204094681,162
251,0.2908629844743109,507
252,0.6487590487816686,88
253,0.890706825333189,443
254,0.7463363491316629,337
255,0.6919021470870313,29
256,0.8901370297340903,237
257,0.8357473430413048,214
258,0.6888064544545792,299
259,0.7342606441023761,71
260,0.9484272933085174,362
261,0.9456207068380056,176
262,0.425136871484291,96
263,0.36288867610205633,309
264,0.9250861871295776,296
265,0.5827222830167359,343
266,0.4676909960999258,198
267,0.8657794420557864,249
268,0.5293846799360565,404
269,0.4130369094431262,233
270,0.9989199992444603,369
271,0.49138027770131554,393
272,0.1618996452664252,133
273,0.20830816645832828,177
274,0.04536651001868497,1592
275,0.8627442806736998,378
276,0.8591871162901857,405
277,0.04777759235727008,400
278,0.5485944103501834,42
279,0.29562211860316434,160
280,0.7036533669654176,170
281,0.49395185816783316,669
282,0.9985171825246825,293
283,0.9613372093759308,279
284,0.11258765832374351,315
285,0.5162060467009807,237
286,0.5537904806138468,212
287,0.0888291271780437,441
288,0.5887498015400224,55
289,0.647045643936408,164
290,0.8321720057549805,665
291,0.3844834120126349,292
292,0.5951593584866786,170
293,0.05078534091089548,392
294,0.04178480654275507,266
295,0.6643802055356758,184
296,0.48709713711345737,446
297,0.7581224926171849,580
298,0.2291250631555135,306
299,0.16510730418398456,224
300,0.7513243588378316,569
301,0.13146907438536148,293
302,0.08571014322619186,715
303,0.530257597580512,173
304,0.6762369475089675,696
305,0.7429622659431836,244
306,0.3196268139360373,350
307,0.7257997889719157,351
308,0.1604315218535861,244
309,0.8129530737207965,213
310,0.7749227121794913,79
311,0.203591902159316,141
312,0.025894814165771773,612
313,0.322272390658376,782
314,0.6241789028361081,302
315,0.699888104275682,660
316,0.9759979991562945,297
317,0.5218289335004237,257
318,0.21808366081755137,335
319,0.09527447236357289,331
320,0.23771269447872667,523
321,0.15588746716650814,190
322,0.07188294197320977,239
323,0.9314911997391224,460
324,0.798077281226257,193
325,0.9496936631808712,238
326,0.8482375352541714,504
327,0.5354958924513041,165
328,0.7536428043387586,171
329,0.4144129971360687,294
330,0.8325041293870363,163
331,0.8888890587453117,45
332,0.90937598356446,1006
333,0.5185791220068183,247
334,0.6815393334963632,170
335,0.172863583693861,125
336,0.22394987374586373,302
337,0.30304911480391505,239
338,0.9527018065962791,327
339,0.013843069712900169,105
340,0.4545102891686654,770
341,0.9333068491656197,286
342,0.23794750979861035,552
343,0.920234057920347,126
344,0.030156753944710957,600
345,0.14529442027523376,212
346,0.44326432323905895,174
347,0.8444824117441451,229
348,0.18460944897474285,540
349,0.32040825316700405,179
350,0.934280383557598,549
351,0.4735254153750533,774
352,0.9362764352265717,162
353,0.5373270501859215,197
354,0.28117821085708805,241
355,0.9622372887272622,470
356,0.9966290386606456,498
357,0.20708033038226092,236
358,0.9824592310885811,546
359,0.24051957937294455,298
360,0.7662262604950831,322
361,0.9642323019509359,245
362,0.6111100432704095,322
363,0.6106895132930995,335
364,0.7215948259218959,321
365,0.6046707176299011,478
366,0.002053972293400208,438
367,0.4905650653361169,615
368,0.5847944876005375,106
369,0.7215899902029494,522
370,0.3644852798999597,427
371,0.248107024269689,51
372,0.7720508266933899,130
373,0.6249445748409838,454
374,0.7665348521829437,239
375,0.4853048886386421,490
376,0.14796491545132817,167
377,0.7683718269508606,177
378,0.4714185411866192,388
379,0.9288057785289355,216
380,0.45488693859988016,75
381,0.9466065401906525,122
382,0.19142307242611967,516
383,0.11190252004797563,359
384,0.8182046465934214,185
385,0.05919924435325574,726
386,0.686431020325474,297
387,0.3305454575671414,235
388,0.9772428068372506,228
389,0.9224141233902753,639
390,0.1288504402247339,263
391,0.5797793899749832,516
392,0.4590362495790121,272
393,0.0460642523733269,388
394,0.6412196397936314,161
395,0.2673465288855592,890
396,0.4684683891745992,272
397,0.6000523855282964,385
398,0.038967571588043315,506
399,0.37037789030046675,273
400,0.9382401118637572,511
401,0.43939569030755743,93
402,0.7561528335695608,279
403,0.5480027768909221,125
404,0.14925165078124514,70
405,0.0953435281449041,485
406,0.5378613304330371,209
407,0.9232091274339973,433
408,0.5691808090859567,312
409,0.6185418467563238,201
410,0.055778404737028,236
411,0.8365380491533173,199
412,0.9573547173855388,800
413,0.9418434177033981,390
414,0.6238117307688156,765
415,0.7305690704213571,446
416,0.8616159304040962,277
417,0.6021994438290594,302
418,0.47897002779895836,134
419,0.056255320025274336,279
420,0.19347952961850945,232
421,0.7607913139149598,252
422,0.33262290569618236,426
423,0.035689493946211126,604
424,0.7627870344291356,339
425,0.20274526882608468,387
426,0.2923280567798976,491
427,0.3697657515743279,209
428,0.43759440518651127,227
429,0.3478183368314963,307
430,0.6391165511977752,297
431,0.8508524387349294,179
432,0.11012043646335468,301
433,0.24936987299243774,304
434,0.1675528325755059,208
435,0.03714248276622578,799
436,0.27899108773109815,975
437,0.00971305669675171,133
438,0.6581685414184547,139
439,0.4246271673479278,83
440,0.778686535298062,217
441,0.6877519057843128,630
442,0.6344314175422098,363
443,0.8946426674903287,199
444,0.19632789344837365,401
445,0.6983787688475486,318
446,0.32497634099489014,178
447,0.8618586565115853,143
448,0.830046207715014,451
449,0.7634726364958981,431
450,0.2566833975830791,608
451,0.03786549573435283,244
452,0.6932762010516507,636
453,0.32364980677528465,223
454,0.2967627198684858,109
455,0.6538608306641969,202
456,0.8722856117237346,435
457,0.38549972225198437,595
458,0.7288564266564761,716
459,0.5726767817188025,413
460,0.5461461820197832,203
461,0.500277735202767,996
462,0.46627061700048167,344
463,0.7802706301929814,96
464,0.03339818318672183,184
465,0.06743008148163665,321
466,0.90416597312732,263
467,0.8233589925181004,556
468,0.25205587077945923,151
469,0.2229683743533205,210
470,0.7845862032385119,577
471,0.06539241194895828,248
472,0.6010164964096958,300
473,0.8446546373710411,343
474,0.2981585497885323,489
475,0.030141012169311754,442
476,0.6225926330846131,182
477,0.13851658931294575,905
478,0.72187910328704,200
479,0.8039399037506074,225
480,0.7195238415915859,156
481,0.4573329555434129,370
482,0.5459867137515323,424
483,0.5711388850457471,122
484,0.8329920557450983,230
485,0.7329727277228303,316
486,0.0350469510815532,101
487,0.6180513073667855,212
488,0.5077570831260526,642
489,0.34419218141828334,350
490,0.17301347703274417,718
491,0.8456171934070973,300
492,0.5348181046739148,506
493,0.05002453165526999,481
494,0.44591981676255255,78
495,0.8186289483295066,152
496,0.28883150612068476,782
497,0.8149673608264185,142
498,0.7847011170085703,662
499,0.4601647095830037,232
500,0.7535766904732443,571
501,0.1766787367443563,166
502,0.5462339232960036,257
503,0.35157448577461814,591
504,0.6360651455859441,370
505,0.4870083457508255,375
506,0.8139725336430348,286
507,0.3942201627070344,324
508,0.13155242298329073,1029
509,0.177906829916612,642
510,0.057935444983503115,469
511,0.891734594028326,115
512,0.5539208346932154,233
513,0.4931265752573888,187
514,0.4264479656011373,71
515,0.28152578672625905,521
516,0.10857897551708806,243
517,0.285501693480832,123
518,0.18227270613973023,174
519,0.07482969302037934,715
520,0.5692248301008919,361
521,0.712897895552101,330
522,0.2898972773791372,214
523,0.7787814913355118,159
524,0.37232949466501064,222
525,0.9998872298536311,424
526,0.766492776173893,543
527,0.09220511206261206,246
528,0.21771757003531889,379
529,0.27067013220814373,1194
530,0.5683041527150092,178
531,0.048524332442337226,96
532,0.4853567099044296,172
533,0.11624539908501974,180
534,0.2725146997297433,225
535,0.06801215990920251,229
536,0.14963362857975904,157
537,0.850182608584957,389
538,0.0355859105907399,310
539,0.6336015161448522,416
540,0.13281124861770155,171
541,0.5981159210486666,603
542,0.950621633647138,103
543,0.3211114593519572,172
544,0.6832939757452271,439
545,0.05310093325919374,372
546,0.8759676194122888,400
547,0.5978762814730292,361
548,0.18743049000793743,150
549,0.6229495703641339,340
550,0.30938743874837704,208
551,0.15007684497022367,719
552,0.40234259082174884,596
553,0.3106933047172703,345
554,0.025078060098252863,393
555,0.7778355131382425,400
556,0.8878217077777152,288
557,0.29508657765597823,119
558,0.041957752350897604,343
559,0.22695326763551593,726
560,0.05078198313676907,828
561,0.850080940493347,555
562,0.1746742065480562,354
563,0.11291025659232534,186
564,0.09352362026175076,637
565,0.08452351245970535,305
566,0.09967271885299589,498
567,0.26446247247759747,212
568,0.2336552775607338,310
569,0.6747501741610945,224
570,0.09784211637648765,554
571,0.3999016404463511,413
572,0.6672435233261742,317
573,0.42755589783678083,366
574,0.2195730394029447,378
575,0.6094805180400793,753
576,0.40525826600703385,236
577,0.35042466424974106,327
578,0.34707749374203056,744
579,0.22381288376037511,546
580,0.4747322174365659,436
581,0.9479320490360611,852
582,0.8556032887090115,668
583,0.8537997990513673,463
584,0.22678630366329477,552
585,0.7721016552283579,271
586,0.8893942297418709,721
587,0.8331190298983664,218
588,0.4528040647350261,586
589,0.24861808510863326,108
590,0.2956006050075489,232
591,0.1162015798945053,376
592,0.39957772794834523,182
593,0.5972761372256925,432
594,0.39761675829391585,180
595,0.5581154035764602,882
596,0.1501131298089271,576
597,0.7607850691164191,269
598,0.3746488068505417,200
599,0.8681487789105647,272
600,0.6155251691732707,166
601,0.7973564894170081,616
602,0.04984010965306751,192
603,0.8201163019376326,426
604,0.44569336097572587,173
605,0.857193057779845,390
606,0.4381470704345273,205
607,0.7066577943830964,516
608,0.5399836202682191,146
609,0.46429168418762856,228
610,0.9349176777991346,90
611,0.807930474082706,569
612,0.7856043795166038,239
613,0.7247180907905582,56
614,0.2171317295884979,309
615,0.43017785227996475,535
616,0.9750941063682603,481
617,0.5101588785576712,365
618,0.6646921008888429,301
619,0.33092424292837885,148
620,0.23380901782560592,205
621,0.9244265338758733,356
622,0.3589834650121553,629
623,0.17191978171109523,539
624,0.3536483630101305,149
625,0.3015783489401178,492
626,0.9634392652315407,225
627,0.8217367257145707,111
628,0.13576267578431556,165
629,0.5463848805675976,475
630,0.9303677946242942,369
631,0.11974848593876863,411
632,0.5557171717401653,339
633,0.6964762884743813,343
634,0.34624378453585225,235
635,0.47257495861423027,216
636,0.3611106988304762,318
637,0.4938120425431456,335
638,0.3612736743574224,657
639,0.8426453215144832,715
640,0.11178379318771992,85
641,0.04068402266690385,223
642,0.5329748615131054,178
643,0.2464914992154278,521
644,0.03041930763409073,286
645,0.710007530669219,148
646,0.9435485958083875,178
647,0.28962787326588035,484
648,0.2593290313716191,356
649,0.467890957838886,154
650,0.07835772794362716,201
651,0.9727304602113495,270
652,0.3900344722144574,156
653,0.3268396664757832,311
654,0.8676042693740733,238
655,0.2567619880862456,272
656,0.38203112131357464,188
657,0.41283486438536665,522
658,0.6275165841223341,127
659,0.9842319204092704,334
660,0.661618593075777,128
661,0.4239404078337494,774
662,0.6540190987498613,309
663,0.7666148567401451,136
664,0.33800452277762716,274
665,0.7376963602975021,764
666,0.5044124703997154,701
667,0.11072936315979254,107
668,0.06417764425526185,291
669,0.1995365835841859,765
670,0.39556048313789605,326
671,0.21395587982411757,446
672,0.5952410947055325,138
673,0.8668684731813564,130
674,0.8554614710744471,221
675,0.31957784292500024,274
676,0.5604116478734639,334
677,0.5649618158159208,110
678,0.5428854838634429,76
679,0.2602222458168474,135
680,0.3853692620644409,298
681,0.33898556696910775,231
682,0.32797118695977334,99
683,0.3677160856577809,467
684,0.3776159455371616,161
685,0.6276164116285406,320
686,0.08612054320791518,292
687,0.07145434266884643,174
688,0.5155009357293876,730
689,0.1605583759346455,149
690,0.3401980165523596,233
691,0.4378239674352006,183
692,0.7807763920587323,266
693,0.8339426806006437,350
694,0.038734703964530715,247
695,0.6647929861061174,210
696,0.34280056203706044,859
697,0.352487968763039,47
698,0.11036219684059656,326
699,0.4919276305875211,217
700,0.8495703648965954,231
701,0.7563759493677097,420
702,0.5355611061174894,580
703,0.053956581027668316,611
704,0.07447419366111374,411
705,0.7593794645430095,63
706,0.8504113046626876,314
707,0.5005640865284118,294
708,0.6607689074729284,318
709,0.7448801121212861,968
710,0.5619989573318572,374
711,0.14009190974841912,210
712,0.26705455464696104,167
713,0.916334150280448,286
714,0.1608905999933472,558
715,0.7909140805291971,281
716,0.23503314924718355,119
717,0.21122232920684303,455
718,0.017033756670919664,108
719,0.13729083248849205,373
720,0.5004883076983228,414
721,0.32164904205733624,372
722,0.6275213214060299,161
723,0.06696516747412917,209
724,0.9641416271353326,983
725,0.8901582316594507,76
726,0.2480657430061206,725
727,0.5076009656955115,376
728,0.04124332214177817,405
729,0.9349154662536009,315
730,0.707347685422314,361
731,0.17932779129668008,399
732,0.2958239703881135,634
733,0.8700661209339282,246
734,0.9749917365922003,438
735,0.35586017720096663,289
736,0.7814605731946223,350
737,0.29955251392512294,240
738,0.8874752861681962,213
739,0.834542554962341,220
740,0.7429176335653933,311
741,0.29124921457902864,576
742,0.47244522442378534,156
743,0.8316109246077414,228
744,0.8361809314282337,342
745,0.5789663473589455,584
746,0.829979511232043,429
747,0.6760103264490648,338
748,0.5434206257250463,418
749,0.9142107123499804,438
750,0.36817207789995876,277
751,0.7700068213912674,217
752,0.40078837318926697,414
753,0.5342820003143786,391
754,0.22644713953458417,434
755,0.6646833751762458,285
756,0.5707792818801326,785
757,0.2702368722510087,395
758,0.6848216768982249,173
759,0.871401551188109,257
760,0.9748962102966224,858
761,0.2966010029775086,135
762,0.18953978313876918,436
763,0.9580288184687825,165
764,0.8817179183230289,541
765,0.701790121984805,835
766,0.5570295596636582,422
767,0.09460830263406661,150
768,0.19076199636733704,385
769,0.23317614449950252,378
770,0.966374172670699,146
771,0.04446919791658188,389
772,0.24966848252700302,60
773,0.5787802930654203,149
774,0.05627182224330629,406
775,0.7673288603412024,534
776,0.9576734346792843,438
777,0.9022920876428342,317
778,0.8622331770152788,625
779,0.5396105810979871,220
780,0.7674364735382885,226
781,0.44499294457661487,660
782,0.08496194648763189,388
783,0.12853064441633122,508
784,0.5258520700744992,183
785,0.02070490092396049,401
786,0.17674870363006612,147
787,0.35475027600623843,388
788,0.4144159280687877,212
789,0.8477200899891931,345
790,0.6462665515292153,204
791,0.3603727776541268,119
792,0.25142790318794994,307
793,0.7303512583120995,387
794,0.2556527663075142,217
795,0.5285040017369215,318
796,0.5435873431886514,287
797,0.4157994580844625,331
798,0.4362583895934542,517
799,0.36969550114479266,234
800,0.5921484882858976,426
801,0.18029306548983426,751
802,0.7817239744394816,694
803,0.7732549864432272,292
804,0.8385810597715528,366
805,0.7899573218529122,189
806,0.5786053525216209,166
807,0.6636904442634391,328
808,0.2901480168084791,481
809,0.49218687510001924,75
810,0.3926631014095173,296
811,0.6356872985521151,83
812,0.42223528284487666,287
813,0.19067055637667962,314
814,0.9754317215964368,363
815,0.13052015586716437,164
816,0.29952225329079496,419
817,0.24393631188391807,521
818,0.40092015249752566,224
819,0.034636636587958236,505
820,0.5720416220146414,269
821,0.6368008516295331,181
822,0.9402345425066535,648
823,0.750250125440693,619
824,0.9811348971339193,421
825,0.8174088614358124,276
826,0.9685089822687505,685
827,0.7826434317366295,285
828,0.17752702814422772,312
829,0.4473982098421191,358
830,0.20147795483455377,333
831,0.4091747987391071,388
832,0.08149330651024778,718
833,0.02166594059260407,400
834,0.6913130123147198,209
835,0.9203728060354153,397
836,0.3933566101973506,238
837,0.6162172775457689,237
838,0.8851596781320948,235
839,0.22439520475745278,88
840,0.09569549651247522,175
841,0.2590372620059779,207
842,0.026674200687423877,194
843,0.5087783360272995,343
844,0.28406589109834135,365
845,0.9805822530281896,520
846,0.6417889777640617,444
847,0.778325981610678,293
848,0.8279608445368861,792
849,0.44664098978416034,300
850,0.1551535170967273,280
851,0.13273061392386654,125
852,0.3912719525525289,410
853,0.1576558338944415,276
854,0.5522561536885624,256
855,0.8380503366912753,209
856,0.9548925344364678,94
857,0.7723487446731231,147
858,0.14783776707683682,237
859,0.6857077903596566,402
860,0.6170077888281402,511
861,0.26116168564718556,484
862,0.23119479202356885,1482
863,0.9945124467255361,258
864,0.33482063207663315,377
865,0.906128585927751,501
866,0.1605463242714078,261
867,0.9093846527545856,586
868,0.746556758149828,761
869,0.645577997327516,468
870,0.4226640927225219,298
871,0.400057246960584,250
872,0.8115541493224506,247
873,0.634330189439759,248
874,0.5498157585888186,88
875,0.004668206087912741,262
876,0.6009418634201388,331
877,0.1888301655636868,337
878,0.7455590737310708,166
879,0.8246571392814451,140
880,0.8487119872293974,208
881,0.5649612078070653,132
882,0.6557143504961513,140
883,0.08964154639597821,369
884,0.35608554920557267,600
885,0.9757429067573153,530
886,0.7346507060986087,396
887,0.8443347205318226,380
888,0.9740007295800307,223
889,0.28259779465437884,94
890,0.03949324997547987,232
891,0.13008673875579635,403
892,0.16270846268633576,538
893,0.6697569310300854,422
894,0.3184222246947144,659
895,0.784003060277786,246
896,0.11783509104822554,467
897,0.22258767105488675,593
898,0.3647811567485785,184
899,0.4803285587350684,474
900,0.9564085438320086,163
901,0.8904209684939779,289
902,0.5609548973378443,779
903,0.7215799525857299,389
904,0.5978093754723718,197
905,0.05618912019481448,530
906,0.8944264896456298,356
907,0.8343195253691859,446
908,0.9493516143947093,82
909,0.9233377618442558,553
910,0.9645222719630652,203
911,0.9748357268206446,115
912,0.14355431601652513,663
913,0.8763791985279742,198
914,0.46158292311478877,280
915,0.2631620929906241,197
916,0.8661752978108063,366
917,0.8987238159144976,494
918,0.31954679324602664,390
919,0.5939314384220826,148
920,0.32851130801201034,485
921,0.5389156116635295,327
922,0.7545757062885753,332
923,0.6164441156189944,335
924,0.5102749860057016,430
925,0.1616317437259276,783
926,0.0180895586505041,358
927,0.3956554567520154,389
928,0.7514708700578401,327
929,0.18104453828819944,514
930,0.6767756094896764,87
931,0.7601310287507486,361
932,0.026125389144375122,150
933,0.39448559041178677,527
934,0.4374468620088029,192
935,0.48187495996771335,580
936,0.12086751268564266,409
937,0.42496078622941347,544
938,0.037590372951638806,92
939,0.3786943325962455,108
940,0.5625961428393835,274
941,0.4411936383851771,118
942,0.21292392976605934,418
943,0.14812049696145613,701
944,0.08554402146907703,342
945,0.7832864038342066,956
946,0.5282583608740019,290
947,0.9199127799502607,270
948,0.30996630904634703,248
949,0.7454580640325799,421
950,0.9914728273879386,491
951,0.6616228876790309,254
952,0.7021912002106045,329
953,0.6474408239159658,162
954,0.49221779187122816,1048
955,0.3547810670648839,690
956,0.7939913805705839,295
957,0.25208272766253437,213
958,0.3952523141020349,324
959,0.022178022637239114,199
960,0.8231109168555548,516
961,0.43602892016399986,82
962,0.3416705947068549,132
963,0.9791766693591866,249
964,0.4727950072693199,209
965,0.558241696359987,303
966,0.5785166093397764,546
967,0.5850451833100535,196
968,0.9715202808377197,381
969,0.727183832827504,349
970,0.2468211764839897,798
971,0.04413435529588139,258
972,0.047789494883169414,457
973,0.8751204090951423,756
974,0.9461164941381083,217
975,0.013606121601867582,114
976,0.11866163789990192,244
977,0.7121953590683017,229
978,0.5529278885370206,398
979,0.6876097527347236,399
980,0.26738765209586135,174
981,0.500614324051779,412
982,0.5888106988669387,282
983,0.7609533742096706,386
984,0.3682412171288082,258
985,0.6520886579521179,151
986,0.1641155160498915,319
987,0.20750096364164816,212
988,0.2941236151707779,347
989,0.031198383862584445,292
990,0.8134298923278682,484
991,0.7533082850816053,78
992,0.735693284473443,450
993,0.6460172888439528,313
994,0.5842276932907273,194
995,0.9006274813212879,289
996,0.6486753936636797,298
997,0.9173329016485561,315
998,0.4739365488994971,121
999,0.04464758518415046,655
1000,0.5166948689852949,432
1001,0.6534218043265955,129
1002,0.8769856182684892,238
1003,0.22010396752746875,247
1004,0.8833088696664861,263
1005,0.14162821403517933,348
1006,0.04793190754352039,544
1007,0.21926182089173274,323
1008,0.1817728595459901,279
1009,0.6079618372382571,182
1010,0.45771134192362906,536
1011,0.9288696301924925,1163
1012,0.1773229497683121,63
1013,0.307946679629699,299
1014,0.46368561753363147,628
1015,0.17720212172459493,228
1016,0.14482784659412906,405
1017,0.7311756780353977,400
1018,0.39476100752366095,1101
1019,0.4361913029077551,344
1020,0.17975202572486382,315
1021,0.530014899586292,503
1022,0.43657549815205954,483
1023,0.7980538418984859,281
1024,0.38179238612437216,200
1025,0.46141650713375537,316
1026,0.5692248143378987,335
1027,0.02375862179355448,233
1028,0.4740233916607166,359
1029,0.19102192707103138,96
1030,0.7238986918861328,163
1031,0.3957642377958721,118
1032,0.8986794410052953,181
1033,0.7455798024413257,135
1034,0.6726718263357239,363
1035,0.05906511774867573,309
1036,0.9147834830448286,288
1037,0.5507861884192583,430
1038,0.49364944650431863,290
1039,0.37769348148956117,305
1040,0.28773200799972787,145
1041,0.2266427488583348,566
1042,0.8469069020571541,403
1043,0.2808615323524907,164
1044,0.40411114258955994,582
1045,0.07522477165283337,605
1046,0.25347420549404376,272
1047,0.8134568191906542,199
1048,0.9388634561508246,390
1049,0.7955611830108155,449
1050,0.3080453521219627,188
1051,0.5422652785850377,601
1052,0.6425904331956426,430
1053,0.8709248489420005,487
1054,0.9916920587303141,357
1055,0.1672908038077101,352
1056,0.9368611868259141,352
1057,0.7728463800455726,176
1058,0.9707698930788923,423
1059,0.5389587359564597,463
1060,0.06223042587911043,270
1061,0.08589131228126823,187
1062,0.16552626400380055,295
1063,0.8392941470846802,346
1064,0.09791905088202812,514
1065,0.7920743921779096,424
1066,0.32496020988986873,339
1067,0.598704553600952,237
1068,0.6467048206308794,259
1069,0.9282478169123666,459
1070,0.16976575065450505,160
1071,0.24383935797351775,113
1072,0.32026492819208197,145
1073,0.47156577775786157,107
1074,0.422362310929417,234
1075,0.6451075101545057,89
1076,0.8314491302190721,307
1077,0.3703834591157227,170
1078,0.10626262762430472,205
1079,0.9140320472967246,314
1080,0.16070346813730219,282
1081,0.006749338527317739,202
1082,0.9632017888836651,738
1083,0.2796450913650278,456
1084,0.10295934014061359,267
1085,0.7281880680491325,47
1086,0.4397996858758415,134
1087,0.33056626202670547,410
1088,0.34971961013169206,619
1089,0.8336132660321618,280
1090,0.8958523589767932,851
1091,0.23321473266431625,312
1092,0.0396904539651719,122
1093,0.15626037218776667,61
1094,0.5472870893453011,135
1095,0.560439677511728,83
1096,0.744459626941726,99
1097,0.07914657925512081,274
1098,0.8849258638089147,70
1099,0.5272863413893506,275
1100,0.12498249969827802,215
1101,0.5881749049131355,291
1102,0.18633850697443077,215
1103,0.15633597261727072,567
1104,0.4159824416407851,543
1105,0.7856963213430597,199
1106,0.1426464234871735,209
1107,0.6345157158547845,216
1108,0.1494431993169717,196
1109,0.480925670494017,631
1110,0.4740446555700809,445
1111,0.601719105101278,287
1112,0.4170647167875873,277
1113,0.10783951016140236,73
1114,0.5115506652336571,405
1115,0.6317982596531123,305
1116,0.9056685604973463,279
1117,0.7873495606585982,397
1118,0.43020250300147855,303
1119,0.6710129595476603,223
1120,0.33493158486569696,833
1121,0.06256066543289318,213
1122,0.47046252662719357,328
1123,0.6749662707352122,374
1124,0.30145992891724804,121
1125,0.007860917933319445,187
1126,0.08004205583540447,123
1127,0.9501487946627474,114
1128,0.4362852306452557,547
1129,0.2610933352081408,157
1130,0.01575160621152405,214
1131,0.8858881813283587,334
1132,0.36479962932680476,609
1133,0.29497342143206207,271
1134,0.2254514540742678,318
1135,0.4812135696673292,400
1136,0.3584787871432328,289
1137,0.7087855724924339,319
1138,0.1325192415981019,453
1139,0.4274009835253004,295
1140,0.8971729636690933,180
1141,0.5733121244009628,296
1142,0.5721607035764981,287
1143,0.11471563456003464,832
1144,0.305856541685958,568
1145,0.592949692255237,355
1146,0.29458826135360505,248
1147,0.6573578879832409,167
1148,0.7395206422339669,203
1149,0.017064452419771392,360
1150,0.43485464366322224,396
1151,0.9678100210014028,544
1152,0.13726307239599644,263
1153,0.2669859605428887,317
1154,0.6746235222578189,431
1155,0.16246829631218673,214
1156,0.27845639347460527,382
1157,0.27712440133474703,173
1158,0.6622750569527244,320
1159,0.18502616075078082,765
1160,0.025415564360749543,79
1161,0.9408003282102056,217
1162,0.02616141449097742,417
1163,0.8190613286015034,143
1164,0.2752545816702511,381
1165,0.8500458855746418,393
1166,0.08551257277206537,853
1167,0.0440620398948981,288
1168,0.27624471302980813,251
1169,0.2758736716260525,444
1170,0.5060405546962445,147
1171,0.521143970295382,428
1172,0.26223741613095797,576
1173,0.13249556253659855,181
1174,0.5273964384197594,468
1175,0.6996802023909475,299
1176,0.30417116420357904,435
1177,0.11862287198984678,403
1178,0.23597014492136315,75
1179,0.27800090884421447,876
1180,0.6677433397617372,377
1181,0.3429763371620941,216
1182,0.14981444754096362,405
1183,0.10628499086676724,74
1184,0.042262077100372664,221
1185,0.012973847346588019,104
1186,0.07346052506937883,793
1187,0.5090105789035334,534
1188,0.16226385895324236,328
1189,0.9800475696914959,379
1190,0.47305990672771203,469
1191,0.6310117159105083,231
1192,0.7906815108947443,639
1193,0.6895584843436868,91
1194,0.2931343610813686,549
1195,0.14070195684758335,474
1196,0.7693360796547736,457
1197,0.14510821901928916,238
1198,0.5409011362294058,124
1199,0.7926240271825242,265
1200,0.4988534094664697,159
1201,0.4395124223958442,318
1202,0.5576350488298544,196
1203,0.48449127620567667,472
1204,0.09323594046459116,384
1205,0.902388981372158,178
1206,0.025977358558411767,236
1207,0.8729818063955176,230
1208,0.8975666669878275,487
1209,0.2746751354747895,633
1210,0.5184265887765518,257
1211,0.10688444625971716,366
1212,0.4574999409790127,78
1213,0.7498266134511438,468
1214,0.8826493823895276,760
1215,0.15787021508309718,399
1216,0.9492909487324364,652
1217,0.08405925412644288,719
1218,0.4551404708284579,102
1219,0.9277905955770179,350
1220,0.7635090111227949,354
1221,0.47182844824122183,154
1222,0.8038220695524276,627
1223,0.33499647135394583,513
1224,0.009564829434035027,194
1225,0.5838676504338219,274
1226,0.4636307599021243,406
1227,0.8361197060892845,141
1228,0.47047757702658877,199
1229,0.7980339715316438,158
1230,0.5259097941812927,294
1231,0.6722263352142176,381
1232,0.4590916712994315,385
1233,0.9503076083118986,515
1234,0.7659183430361172,98
1235,0.42280979704497945,83
1236,0.50396619608715,476
1237,0.5661448184747204,403
1238,0.676961519913356,104
1239,0.850354814520644,319
1240,0.8462860515781016,312
1241,0.2725865225271652,582
1242,0.9133828828259337,685
1243,0.8651974675728011,235
1244,0.675523232159154,501
1245,0.7538313672151705,515
1246,0.8498753304414333,216
1247,0.19606998908339968,377
1248,0.5417081427591138,385
1249,0.8355804146642831,434
1250,0.9801654469441372,113
1251,0.17946412558464897,319
1252,0.6549844571762632,524
1253,0.024508250238549967,288
1254,0.5766822699810736,414
1255,0.4567399708013625,582
1256,0.5584157434913414,296
1257,0.7990602036588461,352
1258,0.893880679175274,254
1259,0.48068472364386994,137
1260,0.8533981152439076,345
1261,0.03260815851792598,285
1262,0.20900262210782006,91
1263,0.43431522319859117,524
1264,0.12585479739167504,570
1265,0.7775443909029625,142
1266,0.14002564320212718,532
1267,0.09162005264381756,326
1268,0.8915846625325552,201
1269,0.2785982299697217,337
1270,0.5719998096665642,241
1271,0.4759222458495127,149
1272,0.6453073615874021,424
1273,0.41425825120576565,163
1274,0.3491573054793212,740
1275,0.9368917608352484,156
1276,0.04610436922664496,490
1277,0.6117529558288698,571
1278,0.95486280098459,589
1279,0.15378438848923004,251
1280,0.42533140921233126,541
1281,0.3360296932869682,135
1282,0.985837054678667,160
1283,0.09555700502004838,323
1284,0.2858996033096324,604
1285,0.6207327613694213,494
1286,0.3341804210470294,205
1287,0.547465636762864,338
1288,0.7274184149932077,360
1289,0.10422023347718334,731
1290,0.6627512312860759,114
1291,0.6685492534607419,253
1292,0.4720917344986033,438
1293,0.20862069204968825,444
1294,0.2844102188597468,146
1295,0.3050110056725115,300
1296,0.5170706718170365,293
1297,0.7561520905704093,453
1298,0.8546659258708945,298
1299,0.7656174773789356,169
1300,0.7887577324247519,291
1301,0.3896758829156177,187
1302,0.8140661945753069,135
1303,0.4444625310664915,113
1304,0.6106784054552836,235
1305,0.45314365981095805,216
1306,0.7549763560969874,357
1307,0.8444866596992379,220
1308,0.0710017964173818,314
1309,0.6564094671383898,176
1310,0.9968806397984883,291
1311,0.9506250197800168,243
1312,0.46604704295137245,470
1313,0.4729127021772519,487
1314,0.570827475160393,87
1315,0.450390079204363,386
1316,0.6128699400486542,665
1317,0.8174131848337152,325
1318,0.011029019486764602,64
1319,0.12326088097460597,132
1320,0.3493342944791853,536
1321,0.18463313168739193,355
1322,0.6487811606949132,255
1323,0.6499620438978707,761
1324,0.44459932049831064,135
1325,0.4415059660387295,401
1326,0.2308321972732037,199
1327,0.019037505557175427,199
1328,0.5864343350966965,485
1329,0.4561782346977199,306
1330,0.05092268110004905,441
1331,0.04025718138501211,440
1332,0.045008164862157196,357
1333,0.7546776161052711,724
1334,0.6342662279474354,421
1335,0.7702488063993972,630
1336,0.6082158065306141,124
1337,0.2994421164978385,290
1338,0.12381828859715649,220
1339,0.5010054174613005,205
1340,0.26929035469390283,1675
1341,0.8417182701716213,373
1342,0.8460631649863386,382
1343,0.7221364930127934,471
1344,0.3290105708890474,348
1345,0.850883149048254,230
1346,0.44039834649077236,279
1347,0.22142373107821123,234
1348,0.5965216541874474,260
1349,0.17217433465217002,213
1350,0.1904532001660213,120
1351,0.06264327403112546,250
1352,0.5445503100787139,860
1353,0.8345699606868856,269
1354,0.4701378996100971,266
1355,0.5692879921995274,212
1356,0.05254527525479091,590
1357,0.22293420784881846,148
1358,0.8025580653216793,830
1359,0.6574164616235073,438
1360,0.037547072349049526,193
1361,0.4903724098295268,332
1362,0.6229503413996422,265
1363,0.8991253391294236,498
1364,0.21876966654838392,320
1365,0.8043981054470142,273
1366,0.69493303266067,407
1367,0.46632172096105895,272
1368,0.01911754730064663,206
1369,0.6589917594459539,661
1370,0.7980363113924385,431
1371,0.46712123803981564,406
1372,0.30486040430199624,922
1373,0.19095274488975833,342
1374,0.003932918377228312,230
1375,0.27860521468170363,547
1376,0.9813144191314921,251
1377,0.9687407106802677,150
1378,0.09329164586903782,87
1379,0.23673925133948692,391
1380,0.7360323394606024,426
1381,0.8753018083357692,306
1382,0.21161133976843105,312
1383,0.9241166725571778,109
1384,0.3076795895570049,434
1385,0.19879882784002734,363
1386,0.6379775898963599,236
1387,0.4292121672140389,380
1388,0.1279210476598579,144
1389,0.6197724003645251,514
1390,0.7546757179454884,126
1391,0.637916232135518,118
1392,0.867363099266866,208
1393,0.8716072611734472,448
1394,0.3258842131844194,343
1395,0.1503883366095058,169
1396,0.6227798725675118,285
1397,0.8733067889055177,112
1398,0.012352100492012297,353
1399,0.008968186940838119,93
1400,0.8880539902655488,190
1401,0.47750254915951795,198
1402,0.0057840511369221526,115
1403,0.8296521693038035,44
1404,0.9341488183934747,154
1405,0.4448787143885471,262
1406,0.6380147449937384,466
1407,0.18156403537114862,628
1408,0.9885153576976277,209
1409,0.897337723207155,107
1410,0.8224665338014853,277
1411,0.17146876789187682,404
1412,0.6709555101358325,153
1413,0.04295172391931834,65
1414,0.862209704534485,379
1415,0.15595029642160918,366
1416,0.1504050426341066,300
1417,0.5657140853144561,288
1418,0.05139102683034824,364
1419,0.6485262036667256,294
1420,0.008006589721658686,47
1421,0.016048173947317834,83
1422,0.7281693342745126,124
1423,0.8745894279140232,513
1424,0.6374024489028216,153
1425,0.06703296596886055,304
1426,0.05988272706454434,299
1427,0.8442161664360255,721
1428,0.7614707444436833,270
1429,0.422717087329858,282
1430,0.8367276488925841,376
1431,0.5237483836223928,132
1432,0.7227639894107116,359
1433,0.3458365277679547,649
1434,0.087641377867687,333
1435,0.6198435063583596,254
1436,0.47426651007583653,324
1437,0.45313428999873584,293
1438,0.9800011501425321,579
1439,0.004663485113533317,327
1440,0.9538096936075221,147
1441,0.8484218357166867,543
1442,0.8947004702166085,285
1443,0.4055485445952315,965
1444,0.024376727582765545,600
1445,0.1615324979036039,344
1446,0.9367433238468493,662
1447,0.9471366891837556,290
1448,0.7454344001150103,196
1449,0.3668734013308351,326
1450,0.4023280829757805,266
1451,0.14421684062868356,408
1452,0.732254037384493,229
1453,0.5347744077610951,735
1454,0.0017740249336101188,77
1455,0.3332313718403608,414
1456,0.038751669714462755,364
1457,0.4120306784517802,167
1458,0.3113280851103303,132
1459,0.3933107681206459,207
1460,0.2696441026027665,239
1461,0.4751609033473003,261
1462,0.9648973147171839,327
1463,0.4236754388654539,291
1464,0.9826467319889247,89
1465,0.1235212481710829,520
1466,0.028141028386741374,460
1467,0.6507733233418413,341
1468,0.05601279641099277,318
1469,0.6881045808650914,92
1470,0.745068604653558,327
1471,0.6414523150202129,548
1472,0.8277913495138945,386
1473,0.02013841827975138,231
1474,0.8131710541199216,127
1475,0.8419605902052796,266
1476,0.1542323058181243,274
1477,0.0020541175752275542,303
1478,0.0668423273720461,373
1479,0.08812624160739546,191
1480,0.5790323205009359,62
1481,0.139003567904734,426
1482,0.10041979808983292,151
1483,0.6546688017689711,399
1484,0.26559842633143216,394
1485,0.6888332474641281,498
1486,0.7830206430386576,124
1487,0.6535058527510936,802
1488,0.4299266079310994,130
1489,0.4403776898672709,479
1490,0.033211267976878456,259
1491,0.14327282059043012,315
1492,0.7655423066985373,204
1493,0.9346750445446966,139
1494,0.17370452713432005,203
1495,0.2023835564111911,214
1496,0.25659061208105893,336
1497,0.713826419879035,427
1498,0.2561377184712369,332
1499,0.5327323445765256,608
1500,0.3134850368032075,279
1501,0.257968104910946,513
1502,0.8963574302509411,161
1503,0.22263707155113,229
1504,0.29148170519018735,287
1505,0.06535221749656306,216
1506,0.35091771888004253,561
1507,0.31875541594577184,165
1508,0.9776799290743979,632
1509,0.5229726972227255,233
1510,0.29022361827520227,225
1511,0.12984619801535868,299
1512,0.29312694052258625,65
1513,0.9431274398624694,279
1514,0.05416534526797012,261
1515,0.40316588314859425,81
1516,0.8864941613529084,137
1517,0.2451295065746104,159
1518,0.6612679494590475,303
1519,0.6820695187186393,516
1520,0.03362765993964412,45
1521,0.13920710762878008,174
1522,0.7847111270438519,138
1523,0.7120489643252668,309
1524,0.490495121033823,222
1525,0.38805039074527337,156
1526,0.30334865771986397,204
1527,0.10982909052033862,431
1528,0.47480047093993116,327
1529,0.9344524770448485,233
1530,0.9955041961957007,402
1531,0.141892586844797,109
1532,0.5353673709278928,373
1533,0.8873990127176589,84
1534,0.8718956674625034,1062
1535,0.5719070935256746,138
1536,0.8268621908651749,278
1537,0.8427264128067355,131
1538,0.0021879328831165834,161
1539,0.178784693289189,76
1540,0.3131997657089828,418
1541,0.8923442624655937,426
1542,0.551460864846333,398
1543,0.5494515429131515,195
1544,0.13713429892479678,217
1545,0.5766140860506133,354
1546,0.4813218201855012,273
1547,0.04022954186454464,230
1548,0.7336420871769234,335
1549,0.5198177747543316,365
1550,0.1037795798157255,579
1551,0.05958816114036691,146
1552,0.7767591418208641,195
1553,0.7152949878506843,423
1554,0.8472066864649964,280
1555,0.5814808309409737,626
1556,0.6584390545236213,676
1557,0.7261656984075378,301
1558,0.4115838059670016,315
1559,0.7834898086708174,130
1560,0.440240165553194,103
1561,0.5741894189395144,997
1562,0.24142964389576782,461
1563,0.061525770030177784,249
1564,0.7329298572876122,404
1565,0.6470672459926589,1046
1566,0.4270561123219698,250
1567,0.9059466738900483,199
1568,0.7688038953472429,282
1569,0.8585293801728738,288
1570,0.9023553319663286,220
1571,0.8543045378755321,541
1572,0.45766141785735703,479
1573,0.010336523225901173,246
1574,0.09677589582808266,431
1575,0.18617194941324655,296
1576,0.9349424788964736,123
1577,0.17219178660743106,544
1578,0.957568447732143,145
1579,0.7544356711138961,451
1580,0.4085361477497029,354
1581,0.09254549449368221,299
1582,0.31941378176742263,460
1583,0.7729556024033363,122
1584,0.243601635658506,779
1585,0.25168920706067055,252
1586,0.6753120621845536,197
1587,0.40780919435358787,233
1588,0.0710449705023517,425
1589,0.2840146165349131,548
1590,0.4460637552454928,783
1591,0.8119571910759918,284
1592,0.026311406924321212,237
1593,0.48303142416027045,285
1594,0.3939400921526186,398
1595,0.2994684308090112,154
1596,0.8112068681442581,534
1597,0.7793730734072153,120
1598,0.4393243455445558,130
1599,0.7317057864343832,132
1600,0.9545557600584318,418
1601,0.9632516794909457,218
1602,0.1591343124982164,121
1603,0.17008264565767472,219
1604,0.6283201810167659,254
1605,0.5382201057673174,552
1606,0.801199195490831,142
1607,0.5434322850270078,252
1608,0.7756838467326375,236
1609,0.7602608347456346,289
1610,0.5482710142095643,158
1611,0.2661406373549309,114
1612,0.40274255634823186,262
1613,0.7771744460882659,98
1614,0.7941820590799253,320
1615,0.1515142491981294,211
1616,0.42772276553449384,521
1617,0.6424990221545446,202
1618,0.5107836871354864,207
1619,0.4133126172084921,658
1620,0.06797749759094562,176
1621,0.8147065758721573,190
1622,0.5416506524724084,368
1623,0.9711680939220608,347
1624,0.25788476378266245,263
1625,0.7449966176689585,679
1626,0.34228253496734906,234
1627,0.5365786356574692,283
1628,0.4959979823454612,391
1629,0.45366657980634617,56
1630,0.707757274049331,249
1631,0.5899935304818865,618
1632,0.2694047390059855,195
1633,0.2613388633073307,321
1634,0.5138738976944539,282
1635,0.7417441208938031,338
1636,0.961467859026636,359
1637,0.09498352649126884,940
1638,0.5871765955256762,213
1639,0.2158436489430876,858
1640,0.6222553531024854,101
1641,0.36643937116673553,225
1642,0.6964155839902363,133
1643,0.3248530957138639,428
1644,0.9665697685271293,495
1645,0.4009001853844434,314
1646,0.949939388347533,323
1647,0.07733191508232784,418
1648,0.47308600043608695,736
1649,0.21007611111081703,303
1650,0.05848268904586007,643
1651,0.25202181110123223,358
1652,0.43889209924648165,289
1653,0.5808236565002666,585
1654,0.8717010731140031,265
1655,0.9416749568026824,57
1656,0.9003666901864916,627
1657,0.8201097205474003,178
1658,0.7089919589368789,272
1659,0.2507717997837111,443
1660,0.5387622867210428,419
1661,0.6049458187101647,126
1662,0.685190410819285,191
1663,0.8271227205923884,400
1664,0.9987422288005611,254
1665,0.3838668718499414,264
1666,0.3349207799443348,348
1667,0.9946752933238339,254
1668,0.876321129443056,284
1669,0.6336746962263511,51
1670,0.8213192618140935,354
1671,0.1093711068164478,215
1672,0.7730591783495138,508
1673,0.7874894632071575,178
1674,0.4511087630404914,365
1675,0.4644809275285545,211
1676,0.013481778750374263,721
1677,0.6800261649119189,187
1678,0.2779992491525125,391
1679,0.2512889680503486,465
1680,0.3233279310078627,613
1681,0.49880295499343996,560
1682,0.132762942953351,389
1683,0.9279083505386105,314
1684,0.26222662807067965,303
1685,0.10103907635515941,358
1686,0.8325741081035242,351
1687,0.015203552281020105,257
1688,0.8333503722469573,726
1689,0.2876718132990187,315
1690,0.7969151447684606,156
1691,0.7574183663833285,309
1692,0.1196759751877623,373
1693,0.959558859911251,177
1694,0.2481545408710535,549
1695,0.13174403070270957,325
1696,0.3874744136680667,445
1697,0.9527022826326978,131
1698,0.8632424688999673,310
1699,0.014617591050333445,266
1700,0.9280862500548029,363
1701,0.1291229723584998,417
1702,0.9184861579394461,376
1703,0.4073586842189971,218
1704,0.14508635390861557,213
1705,0.557094132611314,135
1706,0.4367520337455705,358
1707,0.04728045047901197,396
1708,0.5062696013074516,595
1709,0.998527156121177,340
1710,0.6390484265026936,443
1711,0.6123946750605503,91
1712,0.06615649688163772,537
1713,0.3728930161062003,318
1714,0.6548476597641775,149
1715,0.9022841936191829,464
1716,0.028196272896340524,500
1717,0.7066025530019922,101
1718,0.5642330520773626,336
1719,0.7600198777921064,337
1720,0.7871507830190031,42
1721,0.8117204028763565,189
1722,0.1214025961595635,237
1723,0.7957857459039782,412
1724,0.4095626244374275,229
1725,0.3556734226052939,315
1726,0.46527537491757964,101
1727,0.7871654957647187,298
1728,0.5578672846854407,169
1729,0.5726590870680238,379
1730,0.5636195268455696,219
1731,0.19732629641172716,509
1732,0.36916153981551314,278
1733,0.056849310415312826,771
1734,0.009706823745558979,473
1735,0.3647686208233891,122
1736,0.1494686908377334,386
1737,0.012335007955480481,439
1738,0.11894806656918178,330
1739,0.7485201907802955,839
1740,0.75959476913923,108
1741,0.048381023180808724,146
1742,0.983519505108018,910
1743,0.9352672968885385,143
1744,0.8934018723949443,393
1745,0.19813125580223345,640
1746,0.7731353808683366,86
1747,0.40584646978018846,612
1748,0.9436844148618144,470
1749,0.17359053533601,221
1750,0.3950109560853585,182
1751,0.25152944138471667,536
1752,0.9989248745536936,499
1753,0.9600736311680943,712
1754,0.6568274819786342,398
1755,0.1288527331865701,593
1756,0.1951018503433235,284
1757,0.7996372137608727,541
1758,0.441888150556207,319
1759,0.19667562804548955,330
1760,0.42482263376989793,228
1761,0.9156274995716469,254
1762,0.808349403053524,35
1763,0.1547970426774693,322
1764,0.3226310875450963,120
1765,0.2980611122629151,420
1766,0.2913656912036411,301
1767,0.7435588285841644,477
1768,0.4275838557162416,174
1769,0.9664553297150673,910
1770,0.7412824965306094,203
1771,0.7324023958217338,613
1772,0.19113935514546054,238
1773,0.12120492516215198,490
1774,0.2942499789551992,334
1775,0.03854824256037681,220
1776,0.1992352425825118,458
1777,0.22894702735394568,134
1778,0.8397978454343666,311
1779,0.6031354320139454,212
1780,0.1252535383317055,278
1781,0.35563124658114686,296
1782,0.11854576536508399,158
1783,0.7049954387175742,327
1784,0.2150458126765371,364
1785,0.006429214748222223,336
1786,0.1776160680554687,244
1787,0.8686090313477224,210
1788,0.3978738945286784,243
1789,0.014086212113564534,468
1790,0.5648138005506046,359
1791,0.5359272986241055,215
1792,0.7944865078771095,305
1793,0.04733402548554844,488
1794,0.7044557855173504,473
1795,0.8869224093691569,539
1796,0.6310071385355521,522
1797,0.7806229925424744,327
1798,0.6075904161939644,155
1799,0.41535149713531583,640
1800,0.41361674271874993,239
1801,0.7579453643321182,381
1802,0.9617797183269399,103
1803,0.8805995773289859,634
1804,0.13724393135286317,446
1805,0.5202430751981028,68
1806,0.637304329225628,340
1807,0.973705354866509,216
1808,0.8810324737183786,373
1809,0.9665040410532845,408
1810,0.7548474204014819,308
1811,0.8413600441374112,269
1812,0.4702428684763942,458
1813,0.14051374686354667,376
1814,0.3630651291670063,188
1815,0.8346001025834475,488
1816,0.9618482397176189,404
1817,0.4586731784786935,318
1818,0.8444844544059128,322
1819,0.21667538062204394,105
1820,0.9587015183354392,424
1821,0.5935737202681484,406
1822,0.14963019260394506,451
1823,0.3726533219499253,308
1824,0.5496725179432087,415
1825,0.8852984402338916,244
1826,0.7207685124557615,299
1827,0.1920310711287111,438
1828,0.8058830648804857,411
1829,0.34095583739411095,373
1830,0.412418136244737,375
1831,0.03736130414499861,162
1832,0.44421366901601844,202
1833,0.5351416770434836,289
1834,0.7511502657218395,198
1835,0.5511129703403355,130
1836,0.38703489696061355,100
1837,0.7259204391617883,210
1838,0.5678383809932613,619
1839,0.07251265930763517,276
1840,0.7504934682066842,385
1841,0.6989940482164932,475
1842,0.1667216229013383,324
1843,0.33658416849087136,353
1844,0.6858165352322907,287
1845,0.7896305466613041,400
1846,0.9666455985266313,104
1847,0.8210831145666324,150
1848,0.9450412301583899,403
1849,0.33475673876131695,397
1850,0.31943946444906623,154
1851,0.8130984685347946,581
1852,0.4087306487604958,151
1853,0.501207827536641,121
1854,0.5748398201311854,254
1855,0.3241839170982451,215
1856,0.04763276526479854,283
1857,0.675257412621798,209
1858,0.49164108733919587,227
1859,0.3063951877261645,315
1860,0.918158487752436,391
1861,0.2890954044653484,356
1862,0.1108979616279182,724
1863,0.0229342793711228,218
1864,0.9708075996499671,522
1865,0.0540211904970439,129
1866,0.39002892093335617,196
1867,0.6958189082092907,475
1868,0.2456646107721907,295
1869,0.342070875305464,481
1870,0.267691385401836,635
1871,0.29806279479807285,218
1872,0.8655176219400486,300
1873,0.4166391561565542,303
1874,0.9369425184261456,444
1875,0.1998309892387926,375
1876,0.07608027978475662,225
1877,0.33173424842645804,239
1878,0.47214630517809486,614
1879,0.5390844344281055,642
1880,0.8092414320087191,347
1881,0.2869663445854512,415
1882,0.3541796707840281,176
1883,0.6019248162170042,172
1884,0.3583326817627236,1049
1885,0.33295151931354394,279
1886,0.8479630352251268,422
1887,0.03062551708643546,117
1888,0.4782804701614526,184
1889,0.9370022462512658,229
1890,0.06071938963968038,130
1891,0.958987290821622,190
1892,0.5487694860737992,33
1893,0.16163056446582114,201
1894,0.4372742495095926,229
1895,0.4972060170383784,520
1896,0.019751365690536704,332
1897,0.8693396817419289,204
1898,0.23098635494286568,220
1899,0.921679036890712,215
1900,0.2929830317046772,346
1901,0.6540157434867543,389
1902,0.0917717796827412,267
1903,0.8707413702422772,501
1904,0.21496219917560222,160
1905,0.5723180169195482,379
1906,0.0034839432897558753,442
1907,0.6695509619999989,294
1908,0.8311115073792678,111
1909,0.6008078595039039,306
1910,0.3632595264692433,699
1911,0.4206181198005232,813
1912,0.6638182759814801,222
1913,0.4454812011331679,334
1914,0.47814765148774285,364
1915,0.965143138853847,622
1916,0.6361622188829081,645
1917,0.5597171693111953,373
1918,0.246913859893373,498
1919,0.04516342982263932,228
1920,0.8048631959356516,163
1921,0.3368051579173831,442
1922,0.7561189054586538,164
1923,0.5880398230816194,617
1924,0.6810428882854196,165
1925,0.2370790381860154,322
1926,0.5363566795354169,252
1927,0.5504209860698334,787
1928,0.24366556254354865,209
1929,0.7444717577443437,157
1930,0.7702748784819653,165
1931,0.606867798232609,417
1932,0.9790301472398225,543
1933,0.0566998817650719,268
1934,0.32044929780200915,394
1935,0.6737960016902427,523
1936,0.8474512487879686,537
1937,0.36811422035945174,145
1938,0.4046897575678807,421
1939,0.25287841078951023,317
1940,0.7981650432646512,233
1941,0.5526199235593797,328
1942,0.6801042139492065,81
1943,0.17746479833304774,355
1944,0.1624894973713341,748
1945,0.5349888601335154,523
1946,0.3247911033282709,208
1947,0.29769043915634974,164
1948,0.4858051824667744,156
1949,0.0920759602715795,332
1950,0.6784914562834047,253
1951,0.6636608683074527,644
1952,0.8576675375365175,820
1953,0.011828091530504237,308
1954,0.015159030724276268,227
1955,0.7245014786780175,346
1956,0.40153682613638175,252
1957,0.16304310117763288,67
1958,0.14705569562207976,205
1959,0.46213157417777573,1019
1960,0.7709390304224294,244
1961,0.171489011868858,308
1962,0.14591689428190202,199
1963,0.7194436849860856,223
1964,0.4746445109329209,162
1965,0.9771838290886715,405
1966,0.6862060356791301,298
1967,0.9447487589651586,137
1968,0.535655502994917,167
1969,0.5302964414503306,134
1970,0.648571563552086,258
1971,0.6115847223831803,325
1972,0.23866523314953036,445
1973,0.18721915374465947,333
1974,0.9778038843580282,296
1975,0.018149753985159944,205
1976,0.0001841607945014534,101
1977,0.4980619980348291,105
1978,0.23271644051433094,88
1979,0.5885001395878627,179
1980,0.5061844262470883,171
1981,0.16108099781560103,379
1982,0.32574337995505886,1142
1983,0.9866649358194371,200
1984,0.773175653599998,262
1985,0.32730343076531043,109
1986,0.25877326290013647,651
1987,0.24780140235523962,77
1988,0.8436819649439261,733
1989,0.7079794508502153,512
1990,0.48159183008610273,92
1991,0.7078014772606684,247
1992,0.5301683873581093,337
1993,0.6419129058594178,224
1994,0.31399304432459674,254
1995,0.5409106947339632,239
1996,0.8999063301578237,285
1997,0.30881978563564805,169
1998,0.056731090157534414,794
1999,0.3756436197796661,541
2000,0.09304348550586528,93
2001,0.5784687627708721,371
2002,0.515999008886247,105
2003,0.7586398672733046,168
2004,0.36455163721901573,136
2005,0.8649129755274971,431
2006,0.9361737890424562,392
2007,0.35303268228393947,392
2008,0.5886965797254584,389
2009,0.16612507582019687,165
2010,0.7846017890187428,270
2011,0.26521062114366656,604
2012,0.3816019925027241,118
2013,0.691103883651521,569
2014,0.4807903841953124,412
2015,0.07978160100497,433
2016,0.3634466604208244,666
2017,0.6935731710838144,305
2018,0.4737097276950799,322
2019,0.5351010798143978,414
2020,0.31589422412310264,788
2021,0.5263951518513744,554
2022,0.8550942788735754,540
2023,0.4768048245545229,368
2024,0.9035033655128266,715
2025,0.07783207011172355,189
2026,0.9039628040812803,627
2027,0.17417773916030566,140
2028,0.9342951825454159,809
2029,0.2689089545642207,406
2030,0.15669614525694264,284
2031,0.9586514128673572,506
2032,0.3579477032286046,354
2033,0.4983444899349424,494
2034,0.45247978240864184,104
2035,0.4846190588318773,287
2036,0.7424361250501313,461
2037,0.6037089660309487,468
2038,0.30070212170682786,170
2039,0.2729237625253593,117
2040,0.3112294658316548,282
2041,0.2315853204435061,258
2042,0.4269930055140013,651
2043,0.7229479783461558,54
2044,0.307066930215403,100
2045,0.7537807588068022,270
2046,0.7155313702838785,275
2047,0.08382617347306998,152
2048,0.8256722262199157,95
2049,0.9695693440925118,413
2050,0.5142655261086485,241
2051,0.12444574229185879,198
2052,0.4344221316088428,225
2053,0.17735105105981697,356
2054,0.6560486868117447,76
2055,0.7740732762509016,254
2056,0.19460053513351594,251
2057,0.18325735331365045,319
2058,0.4386089305956321,673
2059,0.4406011813121876,191
2060,0.12521464411191485,258
2061,0.268790995501922,333
2062,0.14891619777998988,666
2063,0.02515698910154751,188
2064,0.21059201460127464,402
2065,0.4513458181316803,678
2066,0.6780324259194247,401
2067,0.0337812952790415,334
2068,0.9564934005187974,40
2069,0.7202089652260049,694
2070,0.6612068562729373,279
2071,0.49317632729799543,210
2072,0.8812593087018089,207
2073,0.9646329446114269,292
2074,0.29122526046657293,360
2075,0.09685069789212863,362
2076,0.3177756391907838,201
2077,0.9697944440594523,449
2078,0.06693366622410113,331
2079,0.09443149889207181,130
2080,0.954679790371801,324
2081,0.6391490184601112,535
2082,0.8140771796958409,388
2083,0.8206626436265065,306
2084,0.7169636241815264,312
2085,0.15924929325858905,180
2086,0.22952777739415642,235
2087,0.7150147020500016,215
2088,0.7130915905293986,79
2089,0.08738249144558452,328
2090,0.9595041720791618,886
2091,0.6500878138466404,646
2092,0.8765998560457618,413
2093,0.9254359176132126,404
2094,0.503325735969389,209
2095,0.4981420880761498,273
2096,0.8788376098288656,249
2097,0.45682317885527945,959
2098,0.06973609558483407,685
2099,0.8361367901375416,161
2100,0.6726764461031164,312
2101,0.4032984948234378,134
2102,0.4316526078479095,380
2103,0.6081620494790085,242
2104,0.46274852698478475,201
2105,0.9355797666915545,466
2106,0.470876545077372,386
2107,0.19222958121639955,525
2108,0.1541853398946501,364
2109,0.5343538072013306,184
2110,0.09341870448292178,990
2111,0.13812016674588756,721
2112,0.03849776307323893,225
2113,0.453217874013098,206
2114,0.38123355782109514,132
2115,0.7487982703456995,284
2116,0.7624992176939749,254
2117,0.5297793864841138,119
2118,0.5601819454331096,330
2119,0.7971274074294025,243
2120,0.39612776105974956,878
2121,0.688669602170976,155
2122,0.7215964944727464,376
2123,0.7776480312994147,137
2124,0.6145370940420049,234
2125,0.7952534886790145,399
2126,0.80659260791641,149
2127,0.3580096087415726,197
2128,0.18104651216462042,110
2129,0.01701679362248687,256
2130,0.3870925607918292,294
2131,0.0659329242576685,641
2132,0.03221831344924109,317
2133,0.7717371178258502,491
2134,0.9270692270365138,649
2135,0.32522056884190964,428
2136,0.2841039191968082,133
2137,0.3560002489950309,918
2138,0.2318403946881754,320
2139,0.18032468284805736,592
2140,0.7980233158799378,206
2141,0.43769757907698914,395
2142,0.20515052505998466,231
2143,0.969283983957299,272
2144,0.8022322612093421,381
2145,0.8892780708486161,154
2146,0.4002485189951921,391
2147,0.8129599427228287,326
2148,0.24720503242576264,229
2149,0.41287230236002226,361
2150,0.5649458181924664,228
2151,0.46122387095041417,435
2152,0.5928929527187871,389
2153,0.3805778140041173,160
2154,0.8323625594611186,208
2155,0.5700647018863784,383
2156,0.28789679930552314,240
2157,0.15994489394850298,404
2158,0.6574461173543849,628
2159,0.23306288976615686,501
2160,0.40377140343393625,261
2161,0.7397103741192617,270
2162,0.7146290078789282,640
2163,0.5453397867732639,347
2164,0.5462279848857879,102
2165,0.5401549502202293,512
2166,0.7719441724203314,280
2167,0.7127656850058811,181
2168,0.20411471698218187,245
2169,0.0597758754038864,250
2170,0.8503717918691036,307
2171,0.3021330611025782,194
2172,0.3090815247758022,207
2173,0.7759123485984543,254
2174,0.686493208877766,245
2175,0.30900352865238356,440
2176,0.15282494873543595,304
2177,0.05750374113186285,413
2178,0.15167447531692613,189
2179,0.9622082422472995,112
2180,0.17612596216363874,538
2181,0.38134057444547964,228
2182,0.6895871584655352,467
2183,0.37169080751171235,495
2184,0.6216879828856147,518
2185,0.19320129798840446,312
2186,0.42732213713867984,169
2187,0.419677140003456,413
2188,0.9490587567168383,117
2189,0.3500175871586245,344
2190,0.08346160773716405,229
2191,0.31315610690028395,89
2192,0.20284846027235692,184
2193,0.9481961202482374,268
2194,0.39680874555281787,98
2195,0.9655567260745479,187
2196,0.40614277583740777,289
2197,0.28849965392230603,205
2198,4.974459657502983e-05,308
2199,0.947157693207464,418
2200,0.6466948291474188,196
2201,0.7536483272449823,1056
2202,0.7187340160830866,221
2203,0.07452541316339445,144
2204,0.7121601126414966,394
2205,0.2312046908153904,631
2206,0.952728555553982,576
2207,0.8804300743782233,269
2208,0.5031146409756357,622
2209,0.1681673850124188,363
2210,0.16080577501798665,257
2211,0.09313754497505045,351
2212,0.6951088083555618,87
2213,0.7906027311204767,523
2214,0.06276817919180644,157
2215,0.4940255935612743,264
2216,0.8415061804917512,274
2217,0.040487401825568536,135
2218,0.8234917625390071,499
2219,0.5355834081691074,625
2220,0.6488100040317707,161
2221,0.23746997706134654,189
2222,0.7774236326141399,246
2223,0.380758476079208,191
2224,0.3297086712466767,327
2225,0.8269237980557839,196
2226,0.8742160637312544,304
2227,0.28012729525612534,144
2228,0.18134106950140372,193
2229,0.9507738143221501,1172
2230,0.23381418524330788,201
2231,0.10460144336498689,717
2232,0.974782376063286,785
2233,0.007754109903484907,344
2234,0.4896927483085012,287
2235,0.1809473715796558,169
2236,0.10160714403116411,428
2237,0.47809710663479155,124
2238,0.8291183278317583,819
2239,0.8139231140607689,364
2240,0.1983239268931246,534
2241,0.12947446716643085,172
2242,0.7950111710633245,225
2243,0.2786182112204252,378
2244,0.5934641657989197,199
2245,0.39457267099139437,237
2246,0.39098008073958845,165
2247,0.5255274630489212,453
2248,0.05820718349038745,303
2249,0.6355113814483632,300
2250,0.6381258465639024,658
2251,0.6849720364898846,156
2252,0.37593710334382413,81
2253,0.7963084523294585,313
2254,0.2507252853487283,178
2255,0.12551855186601757,164
2256,0.41154803368082926,188
2257,0.09227361922717059,528
2258,0.8820649744308335,223
2259,0.8368966121130899,430
2260,0.1332218158297097,482
2261,0.872309903510816,104
2262,0.9516043062606067,444
2263,0.38383830482269277,249
2264,0.7941208782545582,173
2265,0.658277802120539,487
2266,0.6686905124078623,772
2267,0.09930819721823492,165
2268,0.6860823025096894,523
2269,0.46324808299717357,309
2270,0.27398408755029935,283
2271,0.49317147839974607,439
2272,0.7594097135028185,258
2273,0.15907427739159674,357
2274,0.7537791369598803,338
2275,0.6426246746878466,488
2276,0.3862946431549634,665
2277,0.3200351971544493,252
2278,0.5646512157521029,298
2279,0.00569047110600629,203
2280,0.4220501478412818,313
2281,0.030527806932728718,511
2282,0.3568037944315946,320
2283,0.6092439929171269,339
2284,0.06729358337873614,907
2285,0.18891260255648346,528
2286,0.4520648952001579,240
2287,0.7341176967244394,206
2288,0.3129402312493258,272
2289,0.5669996038528621,266
2290,0.5577512650962501,165
2291,0.06534107454554028,290
2292,0.02215648363824574,205
2293,0.37042128350439785,104
2294,0.569774586479982,66
2295,0.37970407257329974,451
2296,0.12295823123912064,253
2297,0.7403015606596358,273
2298,0.7529052107275042,350
2299,0.4915123982093954,147
2300,0.6562089098310252,399
2301,0.6399995222080093,326
2302,0.8924229566922018,175
2303,0.6252302397300157,443
2304,0.10380501284762356,208
2305,0.06728295535357764,289
2306,0.9991788829934847,401
2307,0.3319232664144346,298
2308,0.44978430377406886,402
2309,0.8122397263045161,348
2310,0.8178332486634677,191
2311,0.7785629710847793,190
2312,0.1611414316254236,230
2313,0.06432982307431889,358
2314,0.14349456644793435,145
2315,0.9900147731344031,153
2316,0.3990006832893914,214
2317,0.5998267798508728,238
2318,0.8201148534508171,420
2319,0.4100589140288222,977
2320,0.9592851140474812,151
2321,0.48711642498222574,396
2322,0.0038527032606495704,194
2323,0.6283900501003566,154
2324,0.21841303129978684,265
2325,0.5885375543756091,1017
2326,0.5876851465092199,180
2327,0.6389452838818122,481
2328,0.5908070214338763,415
2329,0.8793460780174579,215
2330,0.44505046817653027,434
2331,0.5503971460776879,214
2332,0.17336918046827954,345
2333,0.5250466504928573,62
2334,0.8423654654442012,229
2335,0.2275025975421514,56
2336,0.03518647052348678,415
2337,0.8908164905016495,316
2338,0.20177160512884218,587
2339,0.6580999829665976,264
2340,0.7673903022647257,363
2341,0.6625434677291581,589
2342,0.1310593953809016,395
2343,0.738570199227675,273
2344,0.535283937598202,454
2345,0.7277756105705103,204
2346,0.7962731810478207,91
2347,0.1662922439547948,152
2348,0.0435611924823045,219
2349,0.02007005041716825,400
2350,0.7517474740243907,368
2351,0.2454359927504064,205
2352,0.6910414675427843,542
2353,0.21240511601378598,295
2354,0.450977409109767,112
2355,0.3417063720330574,699
2356,0.23300243389997877,628
2357,0.2830265642656664,236
2358,0.015670634520582594,610
2359,0.7238774937670194,460
2360,0.10639399601066968,208
2361,0.4385606913758058,151
2362,0.47267463610418314,431
2363,0.4003614451324975,266
2364,0.6842645820703468,234
2365,0.30428708708882346,202
2366,0.7075702902936586,176
2367,0.5537420253455917,330
2368,0.7558685536334179,108
2369,0.12943891255036688,229
2370,0.2564176525653351,432
2371,0.7395241865582124,533
2372,0.49319686904800275,270
2373,0.719995706165614,166
2374,0.5540095896784539,682
2375,0.6604761288291484,727
2376,0.5210058444257107,342
2377,0.7974051697851426,103
2378,0.6460351583261075,244
2379,0.3691809384954865,272
2380,0.1773884895018356,85
2381,0.23185025892045752,225
2382,0.10132242165325511,177
2383,0.5385797865637412,220
2384,0.11789558257169108,196
2385,0.13305367382928035,300
2386,0.7958148358044451,551
2387,0.5122595452880152,59
2388,0.5023884464573742,169
2389,0.5647338191303567,518
2390,0.7557539313138927,245
2391,0.48609324300181755,356
2392,0.6948919661026243,620
2393,0.9557515468232926,301
2394,0.7585455936571395,442
2395,0.3277186704208356,245
2396,0.41692659700949064,423
2397,0.6822067157359902,1153
2398,0.006689993732198363,268
2399,0.20300128769873538,299
2400,0.4793771981640108,492
2401,0.500563068011139,631
2402,0.7280504058743502,901
2403,0.6849987382616569,205
2404,0.23307773767270135,734
2405,0.2847818292477421,479
2406,0.6359515253362548,121
2407,0.5019566830531128,284
2408,0.2133076049450522,284
2409,0.028254621583382766,212
2410,0.021211261577684604,453
2411,0.8227844462243571,171
2412,0.6271968418240456,425
2413,0.7166808427864622,103
2414,0.1676794219717832,351
2415,0.6924456879312152,264
2416,0.43765226910876087,627
2417,0.5478213064195144,453
2418,0.17630826338419214,144
2419,0.7438293712824601,397
2420,0.2593490857696469,178
2421,0.4148972167522894,334
2422,0.3107340757217928,393
2423,0.5388080848871151,487
2424,0.8013308005614926,466
2425,0.056454148420809536,115
2426,0.8390567377989537,465
2427,0.6447368771857025,354
2428,0.0702899050712471,389
2429,0.4036592668114952,267
2430,0.10476300253165027,260
2431,0.676635793271339,784
2432,0.7173773029601671,47
2433,0.3162903171268887,657
2434,0.4365178286856961,413
2435,0.6658550764663287,259
2436,0.08074462756023437,185
2437,0.8686146689827307,75
2438,0.39532087268718274,362
2439,0.5823284192946291,188
2440,0.6573019711393268,240
2441,0.6413866686737737,185
2442,0.15298636366482354,311
2443,0.9390741016173809,402
2444,0.44891424821256765,385
2445,0.616875073727028,231
2446,0.24945585334826947,166
2447,0.9032979462724439,1187
2448,0.7048624951945714,69
2449,0.10261374924430977,295
2450,0.32880947476381905,971
2451,0.8072257882816664,330
2452,0.9329455851882723,292
2453,0.6602569736372673,246
2454,0.6473040271390632,509
2455,0.3618177326270484,376
2456,0.5930008479021438,111
2457,0.09696709096767864,294
2458,0.49742130531246864,140
2459,0.5313000351138961,315
2460,0.8192331910470478,100
2461,0.8990971612268644,985
2462,0.904555195962842,397
2463,0.3695671904494403,250
2464,0.21009413208736838,77
2465,0.14066380516604393,242
2466,0.9477762917358689,494
2467,0.7389229058628444,84
2468,0.9973430624989983,637
2469,0.9623451039645665,271
2470,0.20887062415783286,196
2471,0.776614037242777,638
2472,0.8889113464110968,237
2473,0.8847782888022657,177
2474,0.6421673236466422,177
2475,0.20128901627393014,378
2476,0.4208432025862784,671
2477,0.013244678248583996,386
2478,0.2905318614304121,603
2479,0.4119306224945304,166
2480,0.11125734479415872,214
2481,0.18014025364280983,236
2482,0.16318354401200552,321
2483,0.3107348330756825,212
2484,0.6093217787517814,353
2485,0.31047497900071463,281
2486,0.9721196631077254,485
2487,0.15300894944305243,496
2488,0.0877304644751753,690
2489,0.6850227607445786,135
2490,0.49973755426083266,465
2491,0.658313164913551,493
2492,0.08248357783626725,117
2493,0.44914952463083146,650
2494,0.8362496729244605,188
2495,0.2519283803774104,383
2496,0.8977235286646289,251
2497,0.4446254093251437,241
2498,0.819685929500792,439
2499,0.2917706203736058,332
2500,0.9486054709199374,422
2501,0.8432738620706205,564
2502,0.5639617179816305,119
2503,0.5714316126182772,132
2504,0.9251454967248386,346
2505,0.8183149308489786,111
2506,0.06427542282060728,725
2507,0.11934249356042803,428
2508,0.9561451747200587,795
2509,0.7745756651333332,173
2510,0.730738024918919,119
2511,0.9982103917564225,221
2512,0.2673888418657878,212
2513,0.7286721277173448,271
2514,0.18799691473699387,711
2515,0.27654965418505917,350
2516,0.6084051846513735,226
2517,0.37268232070813234,169
2518,0.019308784349140184,403
2519,0.2633017085475021,562
2520,0.9982936095316743,339
2521,0.5755429998831141,150
2522,0.4488751259300796,474
2523,0.23809049003997151,424
2524,0.4938156596205615,215
2525,0.9410737785407757,919
2526,0.9676220497989385,444
2527,0.3523430871743536,196
2528,0.13613020082571003,251
2529,0.1500180811909344,153
2530,0.1496933059462967,157
2531,0.7444407300364975,406
2532,0.35072705360187273,111
2533,0.5359308763696574,186
2534,0.12721203497801248,619
2535,0.2139437102187136,429
2536,0.1143020490400205,398
2537,0.34916637698686126,397
2538,0.6646275324420305,160
2539,0.6835871897395971,537
2540,0.936768173354285,689
2541,0.6911650820776706,204
2542,0.08393965542835602,432
2543,0.9819178003841013,342
2544,0.38697074142320753,300
2545,0.9222293845181981,222
2546,0.667577142100116,546
2547,0.6735514252135875,159
2548,0.033350052594838364,486
2549,0.2586126192075733,197
2550,0.14102328845355672,327
2551,0.4213897050890366,309
2552,0.46464059281968884,276
2553,0.41622631956915035,167
2554,0.681017394710203,690
2555,0.3103553765860726,169
2556,0.49787737956827793,306
2557,0.1919491443399688,285
2558,0.8470925148763809,320
2559,0.033254779673547175,305
2560,0.01334623260396095,422
2561,0.3700138172544529,381
2562,0.5002539596558192,223
2563,0.4947573056258493,320
2564,0.5124776969396959,165
2565,0.1411237316738838,143
2566,0.12695504564278315,267
2567,0.2059251770010656,892
2568,0.04864061182616819,189
2569,0.25157792161464176,165
2570,0.758514775474079,289
2571,0.8924420162446222,216
2572,0.5195349768013365,424
2573,0.28242793612292794,431
2574,0.8952293968187689,47
2575,0.41547729106566933,434
2576,0.9363060805400159,70
2577,0.018049265012679783,643
2578,0.9339886939360097,222
2579,0.8723606646113715,445
2580,0.8111628083628247,1056
2581,0.9038076616350924,169
2582,0.4700082113969324,458
2583,0.3939098196768599,102
2584,0.05707030609516639,308
2585,0.2057642738515476,411
2586,0.10890755953954245,236
2587,0.5034971036814937,567
2588,0.5688798007774459,90
2589,0.7620390386328948,32
2590,0.15684611748826582,330
2591,0.25180801905511574,465
2592,0.0692263076570363,152
2593,0.21592311738311032,667
2594,0.07142557805362515,64
2595,0.1309596639629449,376
2596,0.4967790384998928,257
2597,0.25253189422608047,537
2598,0.8906395993719036,348
2599,0.2193297402450065,893
2600,0.5587764378500701,203
2601,0.5772382922919651,219
2602,0.48993445761697285,163
2603,0.8155400737669407,358
2604,0.8704941031438926,114
2605,0.04084214095675698,268
2606,0.2053682376154905,542
2607,0.2513369629251788,652
2608,0.6621116623361729,255
2609,0.7202361426671758,278
2610,0.13701327997776935,78
2611,0.8472966442328844,120
2612,0.8977306452906113,129
2613,0.3966988530477673,273
2614,0.1136769345375862,290
2615,0.8241059320894943,265
2616,0.6252516066144841,243
2617,0.86760275860468,245
2618,0.5272185027786295,178
2619,0.023554500377957588,165
2620,0.6328001221641144,239
2621,0.4237702298422825,243
2622,0.5485950688161972,143
2623,0.20312992757925852,376
2624,0.9758035770257427,371
2625,0.9832648336020242,601
2626,0.8344905884034993,351
2627,0.08953657006132076,69
2628,0.36258981433377735,148
2629,0.7693723235938111,852
2630,0.6622066866518812,880
2631,0.3197341056862446,262
2632,0.5469594210169773,262
2633,0.9407333259704791,304
2634,0.35121841291873523,227
2635,0.6103584924235254,99
2636,0.49514418166854246,186
2637,0.7225805523418208,149
2638,0.8044457193106564,103
2639,0.9631495569973415,97
2640,0.6573508446816037,176
2641,0.2970389156086619,430
2642,0.6989555988030001,113
2643,0.24027803839968742,283
2644,0.9985218136040446,321
2645,0.50195370254869,462
2646,0.8633447112216619,208
2647,0.29443584666295486,495
2648,0.48393672408591215,95
2649,0.08329024682743424,173
2650,0.013910107281810524,713
2651,0.9958952558078206,350
2652,0.5953872287890617,262
2653,0.1224648837095762,115
2654,0.41368688152912003,134
2655,0.2401823464467474,283
2656,0.4515203908552968,263
2657,0.9410413749046888,184
2658,0.3164971050066513,630
2659,0.3648202732635727,373
2660,0.5109347156517033,410
2661,0.5558096454091858,394
2662,0.0322391308665263,435
2663,0.20895362483159974,184
2664,0.9789447652684442,174
2665,0.18009100816705093,400
2666,0.2209266484450677,212
2667,0.8501189368920596,365
2668,0.42577421756628786,166
2669,0.955926765720381,436
2670,0.48620390517160317,89
2671,0.5747587263486839,486
2672,0.8678295276244147,129
2673,0.5906881907338623,233
2674,0.24364814159229986,123
2675,0.8122523015274393,681
2676,0.8031943541999077,160
2677,0.1311505996950102,227
2678,0.7164193508289981,70
2679,0.9580125620734578,211
2680,0.8459922410816029,454
2681,0.15332374618725397,323
2682,0.8348601807490225,215
2683,0.7192586452035332,66
2684,0.5271363901233255,391
2685,0.5580681072601394,496
2686,0.5517207414335766,416
2687,0.718607942280129,298
2688,0.22406117932072855,366
2689,0.8056878702840651,307
2690,0.792145424953654,396
2691,0.4395439162639826,110
2692,0.434715918531848,378
2693,0.009378751210918135,187
2694,0.4914339756739933,156
2695,0.5980821840127487,160
2696,0.7937891435904311,205
2697,0.21999477340404094,133
2698,0.20860146123431234,251
2699,0.15756057097565346,430
2700,0.7090208632050551,262
2701,0.13206404914019665,282
2702,0.9291120231288266,214
2703,0.694180547253346,250
2704,0.07368033593730627,174
2705,0.02401451654433162,370
2706,0.12563699105193127,184
2707,0.22179765428133902,146
2708,0.012818875347544001,547
2709,0.7864565169174731,555
2710,0.092145618507815,1100
2711,0.12126331145248193,431
2712,0.8308378950898062,275
2713,0.4420209091970978,102
2714,0.45297760537590215,653
2715,0.8315604328825139,1140
2716,0.8337834143259212,329
2717,0.22951150395459874,144
2718,0.1560996240983501,1111
2719,0.6889831988408449,96
2720,0.25368826337495554,268
2721,0.8332671280825535,441
2722,0.7833529036924232,235
2723,0.6447178766582927,243
2724,0.32298365141040464,119
2725,0.28686763424640793,482
2726,0.09528913857120214,614
2727,0.7382329921578298,389
2728,0.21453036789950786,372
2729,0.9525909009278032,538
2730,0.3094128530755669,405
2731,0.5828494362714686,209
2732,0.6463694395429997,256
2733,0.6939085876200246,191
2734,0.07294590560271885,162
2735,0.47471573881821394,1046
2736,0.5042145019524324,246
2737,0.12761289495768846,562
2738,0.2406979027395567,254
2739,0.5590955074766469,339
2740,0.5738541301004749,498
2741,0.42433016702310655,177
2742,0.7140731272016252,653
2743,0.04449529807100372,957
2744,0.09778114903430857,302
2745,0.7455418920344359,252
2746,0.1732958075533052,51
2747,0.25062204410694944,278
2748,0.840419002300192,242
2749,0.31709501045543487,267
2750,0.32114260905644454,343
2751,0.02069389302777136,323
2752,0.649680931424682,536
2753,0.2948049345998828,296
2754,0.8863874563749276,135
2755,0.14557895737438675,257
2756,0.9913338057175717,154
2757,0.7859513771819218,346
2758,0.7724445801385358,195
2759,0.6096725980808911,123
2760,0.2711093043204301,315
2761,0.2963538971861229,306
2762,0.7663547017781328,287
2763,0.6672178608907464,494
2764,0.1557299818148461,603
2765,0.11773750643032743,87
2766,0.14006051912241102,785
2767,0.7626168851761387,479
2768,0.8914081710288612,650
2769,0.32434045403578815,318
2770,0.512560648019152,182
2771,0.2564571394746511,393
2772,0.3156825373664133,818
2773,0.9033020464961229,575
2774,0.6934702173681431,730
2775,0.6533680932205771,715
2776,0.22977197808205208,201
2777,0.86336536866575,260
2778,0.5801558907468101,145
2779,0.6942992291645462,124
2780,0.7916288563004645,296
2781,0.3366756199324227,277
2782,0.03548073634478477,819
2783,0.7749767374780246,219
2784,0.18263983833465758,192
2785,0.708976949236768,392
2786,0.7503364683534327,204
2787,0.8753360915804511,307
2788,0.5614338294543324,287
2789,0.4642345656688669,821
2790,0.07454178253410626,378
2791,0.3627586468180819,718
2792,0.6381600594547469,274
2793,0.7975578500857253,313
2794,0.576319845115724,399
2795,0.12509758760465906,383
2796,0.0964071672674921,101
2797,0.9972650603551186,309
2798,0.3114367178845113,386
2799,0.3884809299441977,220
2800,0.48534057040224055,188
2801,0.38192261812209305,316
2802,0.2683823632971414,383
2803,0.6892590628311526,460
2804,0.6705313610981795,373
2805,0.3317068430900567,247
2806,0.9030818778489752,215
2807,0.76222097922019,185
2808,0.4111589819368707,447
2809,0.6956631668008265,492
2810,0.7151187056594576,368
2811,0.9233775614244754,99
2812,0.9260729545182309,190
2813,0.17304659681279477,120
2814,0.8056091233031764,298
2815,0.7176037190903083,297
2816,0.9073967040934795,522
2817,0.412891550555363,286
2818,0.3025425932213518,501
2819,0.7860837921493762,189
2820,0.43967053234261444,248
2821,0.8406646526244299,718
2822,0.16942620221400717,79
2823,0.45277478535914706,347
2824,0.6224512057749066,418
2825,0.4570896885226533,424
2826,0.49874741254746546,208
2827,0.5160698069957257,319
2828,0.05104187687315953,319
2829,0.014769546531063549,213
2830,0.6018472256551061,354
2831,0.8533841814375676,126
2832,0.38199443190812843,734
2833,0.18864776154340523,195
2834,0.8736930318877371,159
2835,0.6060877760322178,170
2836,0.4854666691746462,466
2837,0.05677742779641237,202
2838,0.6170487283049136,225
2839,0.11779138400466205,124
2840,0.28023835201651637,400
2841,0.17385145342572728,127
2842,0.7630913226006615,499
2843,0.9469832601307293,184
2844,0.02481455553439793,209
2845,0.08220668260499575,405
2846,0.16337041382921003,326
2847,0.6250014429629687,212
2848,0.8023893313829998,218
2849,0.5799631286927004,690
2850,0.40611438479750384,855
2851,0.49786881306091124,183
2852,0.6369264528261388,259
2853,0.35055242561729383,434
2854,0.25199738766283963,152
2855,0.9229248267958625,505
2856,0.18657610415390724,626
2857,0.995606801849745,212
2858,0.8741335870006374,202
2859,0.5562505390475497,65
2860,0.7277617330935797,604
2861,0.6677822673065317,234
2862,0.15396875755553208,621
2863,0.8127000595542893,197
2864,0.38013868297986664,129
2865,0.2259620051356246,402
2866,0.5011484093145478,426
2867,0.6011894980898971,324
2868,0.5389861078002295,246
2869,0.2722619619818183,467
2870,0.07272551751197598,125
2871,0.08162262205625392,220
2872,0.5049031166554725,238
2873,0.6729503754633331,345
2874,0.624043946210504,184
2875,0.8550303223769536,365
2876,0.4132268596584947,173
2877,0.4094897465254467,308
2878,0.13597256105619238,299
2879,0.8896658262019638,296
2880,0.1639222851155071,1000
2881,0.49472041443482384,210
2882,0.9588757184283576,162
2883,0.670218990474539,384
2884,0.7229065904157893,439
2885,0.8225854810879746,230
2886,0.818088775452821,232
2887,0.17093139757632814,400
2888,0.4725314348412858,490
2889,0.36159870292372176,536
2890,0.4766529119273665,384
2891,0.37819739348632475,99
2892,0.94198755639549,50
2893,0.5851618343617027,228
2894,0.4655200999241079,101
2895,0.724555706700095,241
2896,0.05852075604574569,285
2897,0.21124890083763515,254
2898,0.8002787625087782,365
2899,0.4782295065697255,261
2900,0.8186492346435909,439
2901,0.9786343011454205,178
2902,0.19536126610148852,162
2903,0.2787111410381894,432
2904,0.9405006321683087,290
2905,0.15584747366316298,379
2906,0.5429404683986148,83
2907,0.3350544581293494,854
2908,0.6175258362461651,357
2909,0.37781136249672254,352
2910,0.717676084013431,239
2911,0.03901882297051007,603
2912,0.0697983558801053,56
2913,0.8385793988746053,113
2914,0.9618432162078514,485
2915,0.7795143373404457,227
2916,0.21940956842444248,286
2917,0.013833574834434037,628
2918,0.35021970106598244,325
2919,0.4072611934179786,162
2920,0.6002267127938872,265
2921,0.04353787595852843,225
2922,0.4794720361132053,990
2923,0.3747234517968513,184
2924,0.18545539059750393,422
2925,0.128353731024344,78
2926,0.7736560327891873,438
2927,0.9686620729540232,297
2928,0.21527600872370922,190
2929,0.5149999454594187,73
2930,0.9557266334225981,231
2931,0.5942731389472108,486
2932,0.9416095037195411,502
2933,0.8377036652387138,240
2934,0.5585793066788399,162
2935,0.6146689509360543,244
2936,0.8315404885560057,472
2937,0.2824706522228285,228
2938,0.9113154278300652,246
2939,0.7779720496352761,186
2940,0.17828228099801424,249
2941,0.9850816599070207,935
2942,0.9981312494345425,1292
2943,0.14574898771303157,262
2944,0.4347274496785607,663
2945,0.3745246596277628,660
2946,0.257292012129795,243
2947,0.04826908402932906,260
2948,0.8868104931181058,541
2949,0.36623755587255424,317
2950,0.35003526961186526,196
2951,0.9086968436601768,284
2952,0.17794540675892023,617
2953,0.990398432245013,396
2954,0.14942191229412494,289
2955,0.26498295961142504,630
2956,0.10271439778814417,50
2957,0.23181161786722937,210
2958,0.20438513365693345,373
2959,0.9032209511263605,293
2960,0.42643764607868273,582
2961,0.9086527047582097,322
2962,0.7561923622878224,272
2963,0.7965035757215412,272
2964,0.6973125903400144,479
2965,0.7737063189809145,306
2966,0.4614846726470345,231
2967,0.7456199874293429,607
2968,0.8761359889463589,627
2969,0.2563776195306845,229
2970,0.7837225494106673,324
2971,0.17446110006034965,279
2972,0.7442864975870457,411
2973,0.3269761585904343,279
2974,0.5788263413460428,728
2975,0.5320894489532126,435
2976,0.12798961853783908,471
2977,0.386629134858534,309
2978,0.09012717757962663,375
2979,0.6030400627130015,153
2980,0.8116533620673483,341
2981,0.7797987421964727,318
2982,0.00046687106618448215,153
2983,0.6263669052357084,307
2984,0.5268020698476304,633
2985,0.5692243452979857,113
2986,0.3236161827766555,993
2987,0.9099011204599116,196
2988,0.5258804553444563,728
2989,0.20962022153914261,271
2990,0.056718035840405245,176
2991,0.44977395166800327,97
2992,0.053532334296063855,388
2993,0.3842281761596732,145
2994,0.2562713401002178,415
2995,0.6451779022099171,499
2996,0.02310276648964482,133
2997,0.8743279017930778,227
2998,0.11787179331999165,436
2999,0.6706258631553772,174
3000,0.42337914565167956,142
3001,0.7501488236209917,177
3002,0.46376881548960336,402
3003,0.28698597388850144,588
3004,0.04652272503402566,168
3005,0.00010374406539925829,331
3006,0.8064262639987493,555
3007,0.33778466367711335,142
3008,0.5457412061750628,357
3009,0.6461675549303069,838
3010,0.4410833200747756,254
3011,0.15893246636007896,221
3012,0.10747834176578197,467
3013,0.06002138438024407,66
3014,0.9679724502700534,288
3015,0.055544508537723525,502
3016,0.6718135486387763,282
3017,0.8436659872678003,216
3018,0.7755073576123509,613
3019,0.9404737644648472,226
3020,0.5459418850726767,190
3021,0.8422795268757063,342
3022,0.8707590710258183,276
3023,0.05368144904887151,119
3024,0.5045750708169007,231
3025,0.7699031276002216,324
3026,0.3523295841003321,314
3027,0.9011633917382429,123
3028,0.9540648027698047,131
3029,0.104964731798602,394
3030,0.1494787862296142,623
3031,0.6158501223355693,905
3032,0.9069717624131264,397
3033,0.25376771832956646,495
3034,0.7502843707529248,168
3035,0.4595582364306732,349
3036,0.21443421571870935,280
3037,0.3859660910286944,138
3038,0.524268298767758,529
3039,0.005246458602160331,142
3040,0.12334746596393675,229
3041,0.8266006739896604,335
3042,0.2726353002177577,544
3043,0.46800286750286835,142
3044,0.34591877103533997,262
3045,0.24291316631544524,191
3046,0.7935437801059078,393
3047,0.9323045741313226,224
3048,0.48248600057747026,184
3049,0.7425973501372448,187
3050,0.6750432409700167,375
3051,0.9655580223602451,262
3052,0.14735080464772277,191
3053,0.5827559988140899,103
3054,0.9484383439088994,851
3055,0.9256748851568734,376
3056,0.8268344431801327,263
3057,0.12970575671968998,331
3058,0.09024554851602151,470
3059,0.2306909912375119,418
3060,0.3298935862422291,493
3061,0.907162986173875,430
3062,0.480058396317275,250
3063,0.20941252710734448,111
3064,0.977902890721227,246
3065,0.5341400993435402,171
3066,0.8969399270370945,527
3067,0.17360847401637558,395
3068,0.7386013495962416,685
3069,0.5223994047364858,160
3070,0.4007704920653421,397
3071,0.6044582993407743,256
3072,0.9212686289520693,190
3073,0.18399142978659322,819
3074,0.5303922515313363,128
3075,0.7337480025087374,220
3076,0.0714355055838688,446
3077,0.5901348202111166,369
3078,0.7201956819974822,461
3079,0.5787319923423742,1295
3080,0.4730123062329741,506
3081,0.8234257141427503,190
3082,0.8876748105867069,93
3083,0.2981805699794995,274
3084,0.005141022111817106,170
3085,0.5598807398696841,507
3086,0.9662152554872027,280
3087,0.24035561879452338,355
3088,0.584403881710867,377
3089,0.26350811309939504,320
3090,0.5042242027831163,230
3091,0.6402531129566731,174
3092,0.7873844732698805,311
3093,0.8329616544119943,237
3094,0.12967726451446304,324
3095,0.7053835121334855,152
3096,0.6743403852763741,164
3097,0.545613759494192,272
3098,0.43267031820611956,225
3099,0.5669447305869764,530
3100,0.22330712756903037,260
3101,0.8291554367308394,422
3102,0.05884972559590318,604
3103,0.8284739346046346,117
3104,0.5445891977897225,243
3105,0.8062592023565922,195
3106,0.825079660027603,68
3107,0.6150224255016068,309
3108,0.27134298736149043,272
3109,0.9447252801818081,186
3110,0.5669893852139052,267
3111,0.7601848938398786,216
3112,0.542882049425147,528
3113,0.5824710814600321,274
3114,0.46545191069638914,847
3115,0.32006804883119966,163
3116,0.5627173366622839,154
3117,0.46536047230763844,459
3118,0.3839589728832926,311
3119,0.11700224331304732,97
3120,0.8318997934939314,420
3121,0.12180034765931547,290
3122,0.1980528180191723,324
3123,0.9314361718475657,306
3124,0.8463266009517362,538
3125,0.6554493770892645,239
3126,0.08669293854385463,665
3127,0.17937918419019472,196
3128,0.11359811104319029,370
3129,0.18814920422220616,359
3130,0.29995565490396947,193
3131,0.48618167300156034,127
3132,0.3045006816138459,64
3133,0.30427154789905764,507
3134,0.8841782450724162,521
3135,0.15523532316557154,304
3136,0.9568314985685773,1347
3137,0.33316676074115004,164
3138,0.9195642736809371,606
3139,0.4034614737674317,369
3140,0.04907269026817007,693
3141,0.5464132300981959,132
3142,0.3334847786300006,487
3143,0.7944681090020578,104
3144,0.8665915245855026,266
3145,0.1588542877677792,272
3146,0.24448209904435458,206
3147,0.35443292970405027,224
3148,0.7703271941155047,438
3149,0.5132648708700208,220
3150,0.7279893061072022,199
3151,0.31087407620859187,293
3152,0.8807355989330656,162
3153,0.8967058005783851,344
3154,0.9606005932908903,808
3155,0.466422212193926,628
3156,0.6687927416256981,550
3157,0.10993561826329379,106
3158,0.4457400860868148,374
3159,0.4149685463850372,183
3160,0.4562304722315389,171
3161,0.6208539016871683,420
3162,0.5256568403680243,712
3163,0.8436676221162259,468
3164,0.5614784631100503,661
3165,0.06450292299105509,774
3166,0.4312283146741632,278
3167,0.9817488886655598,509
3168,0.38521077744125076,54
3169,0.300527778313769,511
3170,0.9162971518717735,245
3171,0.1206163011982101,245
3172,0.22463414669870607,268
3173,0.9506234582669413,309
3174,0.3193176175394251,362
3175,0.678846679320567,439
3176,0.6362888884189826,356
3177,0.06901118793096095,379
3178,0.5652078577436661,215
3179,0.566112001595688,675
3180,0.30425582398986073,346
3181,0.7531891707469414,725
3182,0.7364371232203877,165
3183,0.6970524594654215,112
3184,0.20936804741084714,235
3185,0.14913332346819397,384
3186,0.7644433169741347,171
3187,0.7450055182183426,900
3188,0.47700441835124086,600
3189,0.40445700189448497,751
3190,0.5148617525181476,240
3191,0.45233630252298496,88
3192,0.7437361372290541,365
3193,0.24810984393219526,105
3194,0.03748903654387781,423
3195,0.4316911002617725,828
3196,0.4323712130995666,537
3197,0.4887469907260098,306
3198,0.9289658454235481,539
3199,0.3733728894207192,506
3200,0.008483556713831386,302
3201,0.9587023339381002,306
3202,0.6505703758686687,184
3203,0.14348467897672446,312
3204,0.19867016393297954,280
3205,0.9337366354935935,566
3206,0.3491894363868946,401
3207,0.5100776883512564,402
3208,0.5561859038212126,271
3209,0.5074894977236684,245
3210,0.30290444379628023,387
3211,0.5248887269735384,523
3212,0.2089414722628693,1559
3213,0.6352361395765695,110
3214,0.9323223595831702,251
3215,0.00103720479895697,540
3216,0.010360578606901538,144
3217,0.7552523689803823,345
3218,0.22982210006509884,585
3219,0.015910665361861476,310
3220,0.9033378487002144,142
3221,0.5084050848745708,208
3222,0.4934460146603299,319
3223,0.1948987683976039,236
3224,0.01377769393019923,220
3225,0.4257816811000835,167
3226,0.6186228571945505,143
3227,0.004447997819136407,327
3228,0.099748210752307,510
3229,0.5907787772606239,247
3230,0.8074959818299505,720
3231,0.2294676538150341,383
3232,0.7674616966270569,98
3233,0.28552581556350476,95
3234,0.4717066235643935,148
3235,0.8732584130134575,215
3236,0.6423396526174456,142
3237,0.4474252166655638,233
3238,0.5527238211127007,348
3239,0.6046433978345467,318
3240,0.24478801451786114,705
3241,0.05143807971717873,491
3242,0.019385720081934843,155
3243,0.5063420506310873,335
3244,0.364083210792437,474
3245,0.7828344596799628,439
3246,0.8471532409325788,323
3247,0.022547404454772657,491
3248,0.4812106452242769,496
3249,0.6311667436660723,205
3250,0.7373461555935683,520
3251,0.05823274303026116,405
3252,0.811626248201646,228
3253,0.6983166580856967,281
3254,0.28513722600293656,121
3255,0.7301462553248731,154
3256,0.037576978964556806,263
3257,0.13021927504228803,516
3258,0.7370949745216446,153
3259,0.9854489587859794,1207
3260,0.8214718125102721,167
3261,0.39077106008399565,65
3262,0.931960277631664,307
3263,0.08755367882897647,314
3264,0.19698953544531417,247
3265,0.964823416828226,248
3266,0.8626833232113115,259
3267,0.45858628187677286,805
3268,0.6676105829105113,220
3269,0.20696047761923242,185
3270,0.8446546819033689,984
3271,0.30313238062755765,186
3272,0.2923519360034068,175
3273,0.2926128205007261,231
3274,0.8770787151817748,397
3275,0.36878211986114173,562
3276,0.07003582737018654,280
3277,0.4050338836606452,880
3278,0.9378300993556463,628
3279,0.10620448331369015,90
3280,0.04498952111766219,180
3281,0.9910762979370393,539
3282,0.5137167395727135,245
3283,0.3433912680470509,571
3284,0.5057718469998167,409
3285,0.6200108724674681,447
3286,0.7578020618442396,504
3287,0.9132746902907394,387
3288,0.3171086451558828,422
3289,0.5940585897511486,537
3290,0.33745446939008006,486
3291,0.7249940468775234,457
3292,0.8864993613300209,537
3293,0.1630009525656757,184
3294,0.10673298838262579,188
3295,0.6300332598878609,156
3296,0.8170948031985004,198
3297,0.07425709679216885,505
3298,0.5885799327037867,130
3299,0.5002773174872338,391
3300,0.9448770274371665,235
3301,0.2585027656318706,303
3302,0.5266630731988765,373
3303,0.10441358464315598,237
3304,0.3135265842149587,511
3305,0.7580357024641983,264
3306,0.7316366743667351,202
3307,0.9578451085822801,215
3308,0.25860423608377825,489
3309,0.6783832759979741,283
3310,0.8677417454745291,377
3311,0.7861042107881399,339
3312,0.5510362677146129,241
3313,0.2119632290990332,683
3314,0.49771732475382935,85
3315,0.7761609900911774,314
3316,0.01174589639137591,269
3317,0.18459523073636153,343
3318,0.7481978830220247,831
3319,0.6451637406127884,321
3320,0.0638363311578849,424
3321,0.08186359351503725,140
3322,0.40605082092148725,538
3323,0.4039725505310404,146
3324,0.7763098996867056,280
3325,0.5371436874896773,897
3326,0.49466564282318304,65
3327,0.2631198821645421,256
3328,0.1106582307838947,383
3329,0.9291402410465147,223
3330,0.05136453858584156,272
3331,0.44255698163186474,494
3332,0.9887828803367841,363
3333,0.6882857764286752,349
3334,0.5071702018098952,663
3335,0.9308779243230144,231
3336,0.2727174487174141,343
3337,0.9366652074359163,104
3338,0.7628012140813728,185
3339,0.847977024669522,397
3340,0.2798516743972672,387
3341,0.6902347519473215,1032
3342,0.22192063958595876,61
3343,0.34754123705551776,82
3344,0.8360696081250859,423
3345,0.10548652395135838,715
3346,0.7853593686292818,90
3347,0.05083961322424391,803
3348,0.9858845081998994,460
3349,0.3085211887848559,225
3350,0.27866614461883477,621
3351,0.5171935880025712,210
3352,0.8776034537760228,462
3353,0.911546850055488,269
3354,0.14892731295915862,209
3355,0.6279267991302402,391
3356,0.49492414075111857,1108
3357,0.5768229784465553,254
3358,0.8262188047664923,519
3359,0.7069737793567434,19
3360,0.9028094606021639,242
3361,0.6086173279993282,467
3362,0.7015675783205393,281
3363,0.15148885923384503,291
3364,0.689527527728064,162
3365,0.173511749265145,224
3366,0.7105554619881598,564
3367,0.4081827543690788,274
3368,0.9046003620474568,215
3369,0.7075743330971971,193
3370,0.9906642302657237,429
3371,0.820898288577891,534
3372,0.0015058148208515476,186
3373,0.4686800763139066,301
3374,0.2760512761006322,518
3375,0.9823886866166843,169
3376,0.7582600596420929,220
3377,0.6042218057912023,281
3378,0.009291856915238705,530
3379,0.07406897861085848,56
3380,0.5505372047978725,310
3381,0.11842463128191094,399
3382,0.1934782331900614,1567
3383,0.26546254558735993,334
3384,0.08711903027522427,891
3385,0.7045552415080386,168
3386,0.7941815128853688,572
3387,0.12973377447449097,169
3388,0.5583965675400216,71
3389,0.9305473883615905,560
3390,0.8451389522600704,561
3391,0.46868846099467154,102
3392,0.4113033237471133,602
3393,0.9242303833446822,308
3394,0.9564970013584233,180
3395,0.6805208162462352,982
3396,0.4637163483727259,332
3397,0.9605161739598487,600
3398,0.6197084093066781,417
3399,0.07566489025482193,278
3400,0.5543516394573056,453
3401,0.6660450718768682,84
3402,0.6922444992844203,245
3403,0.8487268977446979,111
3404,0.9353243710132769,271
3405,0.5403107085222129,304
3406,0.05269217763114642,478
3407,0.41716168751044147,292
3408,0.1345865162316452,714
3409,0.9220496672923411,227
3410,0.561569265173225,712
3411,0.49672255657496245,510
3412,0.8384682693412917,716
3413,0.42998429660682114,189
3414,0.4566211347693111,482
3415,0.7657354651106574,208
3416,0.08614551072567489,400
3417,0.6421515267290346,534
3418,0.7562481465770172,235
3419,0.2938508811496183,301
3420,0.052619189060969185,183
3421,0.007324809793633702,235
3422,0.41416117304908173,253
3423,0.05309116299905159,284
3424,0.8509644288545669,224
3425,0.4647787314765496,510
3426,0.6288068444932727,183
3427,0.08810745219861416,257
3428,0.1447746415307617,101
3429,0.6000837847934757,245
3430,0.9867824263515701,355
3431,0.2541806796763362,161
3432,0.09676220570469274,696
3433,0.3086345324494605,808
3434,0.7644625381345439,311
3435,0.6945121870002603,134
3436,0.6804781068253934,656
3437,0.057114667121451856,366
3438,0.15776725051556828,276
3439,0.30834611983217974,426
3440,0.96020071073618,123
3441,0.7318474105772843,436
3442,0.12511376104719363,394
3443,0.61281258312292,174
3444,0.08155421048178324,57
3445,0.07582637604539622,491
3446,0.2133402494865354,231
3447,0.11240250124188556,235
3448,0.7628375542133856,294
3449,0.23621056171476362,243
3450,0.20837165829984428,241
3451,0.5637049300973485,442
3452,0.1857912966942845,348
3453,0.9923426994835929,348
3454,0.5663616428050409,176
3455,0.20632714900445837,201
3456,0.5763820990060595,226
3457,0.09460766551288968,394
3458,0.1102538480245785,388
3459,0.12289630589384548,246
3460,0.2336474567472614,172
3461,0.8334168436158367,293
3462,0.3614097350282809,887
3463,0.2715601591406115,335
3464,0.24284080019747645,453
3465,0.24477218340619666,247
3466,0.5380436918265418,251
3467,0.8257179509254182,77
3468,0.08723589973471702,490
3469,0.23621231011850985,307
3470,0.24263712552248007,79
3471,0.40450789402004106,363
3472,0.013326687744555588,268
3473,0.48907415010777644,324
3474,0.7385935798044496,238
3475,0.32928087038040055,276
3476,0.9326883716340997,94
3477,0.7453399852158566,606
3478,0.9613451288019973,185
3479,0.9433465172809672,662
3480,0.9195271828337479,339
3481,0.3109271005955203,671
3482,0.7683107144099478,123
3483,0.8749991998598179,137
3484,0.15678938111326224,301
3485,0.2510657261342859,459
3486,0.5606996890153221,258
3487,0.36733062580922315,309
3488,0.7244759935940732,416
3489,0.36420723316398673,220
3490,0.7545723267231399,496
3491,0.0494928997746612,570
3492,0.10038240288778122,359
3493,0.7397838810381204,267
3494,0.034471709085441504,345
3495,0.07288789323446954,400
3496,0.6467112629017603,305
3497,0.06525275193572688,499
3498,0.10781586351445871,671
3499,0.16692099802086868,610
3500,0.246256102855282,271
3501,0.08917606539981837,553
3502,0.7085846375054025,517
3503,0.729995928886077,513
3504,0.05045272943811041,174
3505,0.9054714375912797,275
3506,0.2920626162232023,550
3507,0.17928632289817736,435
3508,0.12204740104850942,267
3509,0.738145770195235,372
3510,0.7599317360617673,270
3511,0.2835903374457919,252
3512,0.6507584642733621,653
3513,0.8722207588178003,687
3514,0.3089521536656217,112
3515,0.23802725199991914,221
3516,0.8607231377312269,448
3517,0.19838442387447985,397
3518,0.3760306880402554,132
3519,0.3093412933687548,436
3520,0.12190006263557307,1100
3521,0.9814350961851664,444
3522,0.298881689102548,192
3523,0.3396109658784201,682
3524,0.851327199641898,33
3525,0.45042410005713585,261
3526,0.7961330206799313,446
3527,0.9001505694872877,50
3528,0.7774574825882556,260
3529,0.03025235835189588,710
3530,0.74454715321337,256
3531,0.12062341688097244,328
3532,0.16299194589308363,457
3533,0.20878391298143562,230
3534,0.5820882541109307,649
3535,0.4401265873342961,381
3536,0.4504344749679692,341
3537,0.9549592656119222,401
3538,0.12061535445976179,268
3539,0.5309727079707185,228
3540,0.9125043722074918,469
3541,0.0310250698330784,358
3542,0.5480469681716452,286
3543,0.14382553014673616,77
3544,0.11503927275886872,150
3545,0.7651171856442137,172
3546,0.08067181574057647,209
3547,0.5610930531014744,90
3548,0.4922575144337221,156
3549,0.15938423474623542,211
3550,0.5992371903490848,342
3551,0.7760676066471753,519
3552,0.8591772047459412,125
3553,0.4704273988840546,987
3554,0.04403876291145259,513
3555,0.15282771895876845,371
3556,0.7476166778597992,190
3557,0.34073655669532965,372
3558,0.9006591344676189,159
3559,0.03327084186259399,502
3560,0.10705913735551775,209
3561,0.6658116281321207,202
3562,0.6282084395823413,265
3563,0.8963711540981009,307
3564,0.6596665989690009,393
3565,0.1718560655000645,608
3566,0.8821781656121561,457
3567,0.1071265252916177,331
3568,0.720609751325267,217
3569,0.22675450248051654,807
3570,0.6559942645938286,302
3571,0.946276872378672,269
3572,0.22982178294696431,599
3573,0.32823856554780106,418
3574,0.31781697917488216,487
3575,0.06231624383975287,495
3576,0.7107404678518654,271
3577,0.9747136829550676,349
3578,0.7738784210904518,350
3579,0.6549112715158273,738
3580,0.6017303903468325,236
3581,0.16140888001606613,211
3582,0.5067638762234828,243
3583,0.23340083366342346,374
3584,0.06724059995852039,278
3585,0.2435345302275186,256
3586,0.7676082847317539,151
3587,0.5252470983913634,650
3588,0.5535726083683292,350
3589,0.8852729478290337,377
3590,0.7123533892644888,391
3591,0.16237841982117196,179
3592,0.6293725347572161,37
3593,0.5458795058305143,384
3594,0.8741741061959198,974
3595,0.2623230864179126,142
3596,0.16050543551535768,357
3597,0.9386224401068141,196
3598,0.8535492581694136,238
3599,0.6226249219904095,170
3600,0.7608789960051793,126
3601,0.0833915370376016,328
3602,0.022802583061156456,609
3603,0.03788185697123769,497
3604,0.9699075198784539,258
3605,0.9370039784580294,231
3606,0.0856053459450975,334
3607,0.3116716020807768,65
3608,0.9362064428876479,302
3609,0.5277721952377243,164
3610,0.8834399633143792,845
3611,0.6039746119043956,470
3612,0.4992851980012978,379
3613,0.6836074516033661,455
3614,0.3161789904514568,211
3615,0.8909627683706893,327
3616,0.9412093736659057,184
3617,0.20086974515617706,246
3618,0.8399250574344514,117
3619,0.520365576005898,661
3620,0.49657321273561084,371
3621,0.8391529815445737,363
3622,0.18538275126589654,100
3623,0.7072685225385177,402
3624,0.01309289366237354,118
3625,0.6814372748673722,657
3626,0.750850262078231,178
3627,0.7561251779884438,155
3628,0.4286889136339116,538
3629,0.6360638089883707,298
3630,0.9934749269203229,185
3631,0.3609102922873423,320
3632,0.701040165033379,350
3633,0.585946724621606,169
3634,0.04509012703325477,348
3635,0.3556568006153257,187
3636,0.8638049159581352,278
3637,0.5383967492287459,235
3638,0.5866336285465257,314
3639,0.12959670609924823,301
3640,0.7837569031174635,112
3641,0.18174149726886912,462
3642,0.3445199589988468,148
3643,0.8808511791235504,333
3644,0.9613978206453184,389
3645,0.07991647033690197,403
3646,0.08301659157290853,456
3647,0.07313502758453505,268
3648,0.06436626333861706,256
3649,0.9797335825585939,248
3650,0.6089078034226555,479
3651,0.7170930784000821,785
3652,0.32147708207629866,296
3653,0.450895415405992,304
3654,0.6960894711272916,381
3655,0.61656537353646,341
3656,0.5439682966716154,267
3657,0.2734921074338248,361
3658,0.9161643151389248,522
3659,0.4783107249200633,183
3660,0.8573161811005295,401
3661,0.3104773705077949,157
3662,0.7980303404014759,279
3663,0.6579002652079854,876
3664,0.6538426151336346,352
3665,0.31586195160769526,128
3666,0.33698192083107903,309
3667,0.6715286832800719,623
3668,0.24043308290771415,320
3669,0.6072148899625034,575
3670,0.04432189094656236,477
3671,0.3220057622504253,414
3672,0.720012453226072,577
3673,0.34821366795264674,232
3674,0.15147109865040098,103
3675,0.22496415713095275,110
3676,0.7915894045883975,277
3677,0.8259650064153969,700
3678,0.1885381630560733,592
3679,0.10949508715297596,64
3680,0.16098088558887813,822
3681,0.7223381210543266,255
3682,0.7255498765584324,326
3683,0.21184649982300963,163
3684,0.819969141254267,127
3685,0.6101167884236403,297
3686,0.48664968686641596,337
3687,0.29557193364641177,355
3688,0.9604682852263512,282
3689,0.4973709315910062,286
3690,0.04361266263874475,168
3691,0.37018047022417766,183
3692,0.08788439314916097,414
3693,0.48734731994091074,154
3694,0.6976994845896173,407
3695,0.5194263803309392,435
3696,0.3693433002055574,146
3697,0.2713242169557114,207
3698,0.35118899883950416,396
3699,0.654613026917896,409
3700,0.7814677445180128,439
3701,0.6442382215193885,301
3702,0.5005965260207038,259
3703,0.6022624420815967,109
3704,0.23827293075243117,406
3705,0.2049739063489453,52
3706,0.24968227693879108,119
3707,0.18942238199329997,145
3708,0.8934293091063976,473
3709,0.7049317887872767,892
3710,0.8255450645000066,132
3711,0.07133945433393862,386
3712,0.19185097882596414,90
3713,0.25522741116036585,217
3714,0.39289000471972246,364
3715,0.7731098764957558,356
3716,0.6481446631757248,133
3717,0.4785860118330716,566
3718,0.8249746724451535,324
3719,0.9858337409172202,274
3720,0.17548591745819908,640
3721,0.8981421453680112,165
3722,0.9829334674580404,432
3723,0.4263894413096341,891
3724,0.04514850818625593,465
3725,0.8045948437528871,396
3726,0.14294124504191097,107
3727,0.5654124322329849,508
3728,0.8391925007387406,179
3729,0.3243021261651128,472
3730,0.6125228925351173,236
3731,0.0860339073235219,135
3732,0.5010828734935504,336
3733,0.01234527412246944,242
3734,0.7230417744850082,211
3735,0.29409257501487185,336
3736,0.5552463094982149,158
3737,0.19310289392288515,168
3738,0.9654537572609088,345
3739,0.9343765783067611,585
3740,0.09094512607165506,370
3741,0.7048782466497384,199
3742,0.4808284631183466,646
3743,0.5222788448673155,70
3744,0.056684362325113424,43
3745,0.475050671648208,311
3746,0.9321808404719579,65
3747,0.8040811828730804,108
3748,0.15030102990266314,514
3749,0.7808241010401903,143
3750,0.8104180213843634,132
3751,0.18207959921047145,459
3752,0.6248239530785891,268
3753,0.7860759593757617,1271
3754,0.1497186532918735,106
3755,0.99233374928893,178
3756,0.932435569407488,192
3757,0.41011897541514475,247
3758,0.3915604849592077,305
3759,0.1246522609162849,172
3760,0.21894135106395785,63
3761,0.5336909694428613,135
3762,0.979314990724423,313
3763,0.14954463140665153,137
3764,0.7844409014425611,478
3765,0.020822981148283404,124
3766,0.3115939757740591,185
3767,0.18521713728014078,167
3768,0.6973970815327113,429
3769,0.7589580194185329,511
3770,0.3427534765500597,324
3771,0.8932326897544212,299
3772,0.7166835916561807,225
3773,0.05268204082114847,164
3774,0.7879084981468109,715
3775,0.48183822380441177,498
3776,0.47670617544095195,169
3777,0.8002404313697092,147
3778,0.8043583408554306,416
3779,0.6912077720227753,355
3780,0.9334040016705156,245
3781,0.6915567828836096,180
3782,0.7415694309630143,475
3783,0.17748107126026258,312
3784,0.025265522263738127,301
3785,0.7245925812041256,160
3786,0.5029544070521554,428
3787,0.4023536524854795,185
3788,0.11257115946821394,287
3789,0.4945907083132569,686
3790,0.12374942044666848,171
3791,0.7807852971685673,212
3792,0.32303025765676574,641
3793,0.9642409542604106,384
3794,0.656434810583063,728
3795,0.7152258619674335,323
3796,0.4039857030832156,117
3797,0.8433685942876081,315
3798,0.520968438924197,543
3799,0.5179990455985111,135
3800,0.6268184128107752,209
3801,0.5501138250982673,169
3802,0.20882876817556895,257
3803,0.7340342639185022,309
3804,0.5138506524880049,300
3805,0.35247739675670664,256
3806,0.7043533514326407,192
3807,0.42910546390449167,318
3808,0.3650365594944893,169
3809,0.5582373871155644,708
3810,0.27827024563938996,376
3811,0.9659286495015782,475
3812,0.717932558665376,91
3813,0.2176287484814936,264
3814,0.3464430445663649,302
3815,0.22883936334521238,642
3816,0.4107172321924344,144
3817,0.7554630043547871,371
3818,0.4073551743479894,561
3819,0.32302238017715557,169
3820,0.3026675414560287,197
3821,0.7901445117361314,435
3822,0.40590929024460964,133
3823,0.9823380752749397,130
3824,0.27361536175442147,317
3825,0.5053545659712945,245
3826,0.9804637580794503,444
3827,0.3562795755364577,282
3828,0.9467736048280317,398
3829,0.8422920447930005,572
3830,0.40564183379241914,428
3831,0.8418449794969113,331
3832,0.9498214817581285,163
3833,0.1424259192994317,693
3834,0.6055917242325564,381
3835,0.24267029778012994,214
3836,0.6313320457778979,331
3837,0.9953615429454689,449
3838,0.8815587126265034,217
3839,0.7321606579826045,491
3840,0.03356285082837085,512
3841,0.6741189906914739,270
3842,0.9897889459123635,400
3843,0.14921004159914608,365
3844,0.2718017878118032,355
3845,0.36264328338698293,457
3846,0.5429792063138615,201
3847,0.7053942895318404,1215
3848,0.014245488138442619,242
3849,0.679690950242074,416
3850,0.5853166133262343,97
3851,0.7052422925112544,775
3852,0.5048065898100482,331
3853,0.5857470740392356,148
3854,0.887741742531291,359
3855,0.335458423923924,97
3856,0.07866047828589429,303
3857,0.16055606254826071,95
3858,0.3769212980345653,645
3859,0.38691009964423784,344
3860,0.6142198425276646,112
3861,0.4268774469070078,37
3862,0.0401089828812754,313
3863,0.005571501230884901,451
3864,0.9661922351886636,536
3865,0.2135284097775132,190
3866,0.7803301842869913,532
3867,0.46981018099938743,384
3868,0.671118056980192,270
3869,0.4855616597418221,240
3870,0.42554475104450373,572
3871,0.7382276483217846,320
3872,0.1072574562234413,117
3873,0.7154972530464646,417
3874,0.6800310455954571,194
3875,0.5687058845152365,310
3876,0.04910284755422323,629
3877,0.07645646239532866,330
3878,0.7213578697438708,210
3879,0.4901828279917553,221
3880,0.4522570086539762,449
3881,0.8804757088625943,358
3882,0.11783567174574017,365
3883,0.7391059070125175,378
3884,0.6688872331068488,110
3885,0.906448664140015,120
3886,0.5799096144292679,157
3887,0.3729830794659733,415
3888,0.674500850016106,1111
3889,0.8348602840594066,331
3890,0.5032987869572161,471
3891,0.35428851228934555,284
3892,0.8198533324252834,172
3893,0.6452683825749788,279
3894,0.1394636580298766,142
3895,0.027762811948288002,222
3896,0.8522626914146509,367
3897,0.06025945811099698,289
3898,0.08222185784932834,174
3899,0.7556991188317067,313
3900,0.17060153745802542,741
3901,0.49428059905583477,706
3902,0.5419289406517357,754
3903,0.596926981530183,299
3904,0.016487931681374857,399
3905,0.6206708320351357,380
3906,0.41930723554379523,126
3907,0.5274720968735973,565
3908,0.20787554811598452,145
3909,0.020413665332512543,214
3910,0.9316974620429113,312
3911,0.40580022791297876,221
3912,0.9252338380894457,522
3913,0.3179709159445947,207
3914,0.5753908266797985,243
3915,0.44847792498441497,481
3916,0.5692327074331925,367
3917,0.9148886688764915,210
3918,0.7688351100531466,386
3919,0.634565278892402,490
3920,0.36207513835232963,358
3921,0.49406119405447224,158
3922,0.6094502908847773,499
3923,0.4739339955878549,157
3924,0.7429356257677027,183
3925,0.9124740028004618,112
3926,0.2642753137071914,158
3927,0.5480624911959932,576
3928,0.963253373486447,70
3929,0.10483225819935915,442
3930,0.3298847946090482,385
3931,0.681245488789311,193
3932,0.9952251647366799,679
3933,0.07957433785545043,577
3934,0.9365245979609591,132
3935,0.9316938376435908,203
3936,0.3042334186911926,342
3937,0.887858866355107,329
3938,0.3733242260835643,209
3939,0.9818644075441549,159
3940,0.6763744434239124,397
3941,0.9921734787085632,124
3942,0.8034716231465295,101
3943,0.7989708010711392,326
3944,0.7430200524664415,637
3945,0.13380666014596865,215
3946,0.6599777232367333,157
3947,0.40220713629041627,303
3948,0.5895741517536749,545
3949,0.31706526896046594,564
3950,0.8136914042375103,399
3951,0.7552517527431981,366
3952,0.4091116440492465,556
3953,0.545919272101392,271
3954,0.5376426960308851,399
3955,0.05271285821725491,124
3956,0.18750805998441877,380
3957,0.3847716499367948,49
3958,0.698807166944369,160
3959,0.7924928566860885,254
3960,0.6578679789393329,313
3961,0.7010747399702051,168
3962,0.6559172927080623,346
3963,0.9732912611208976,804
3964,0.366168010549513,285
3965,0.23851380908324837,153
3966,0.31068199994683965,397
3967,0.9576017434537303,429
3968,0.9207355143281001,311
3969,0.23315990730283553,160
3970,0.17474421151699138,437
3971,0.21364605660760216,252
3972,0.34991230210152635,196
3973,0.5802821890611634,210
3974,0.27327340753665375,203
3975,0.599686836720561,145
3976,0.5093338712390013,609
3977,0.24858860922860682,400
3978,0.030005348928068276,371
3979,0.8942748904419452,203
3980,0.05748841495762025,158
3981,0.6339665139423105,211
3982,0.3072708432935435,526
3983,0.19009926166112479,235
3984,0.9855817103949942,642
3985,0.8554531724367708,584
3986,0.41325240809788244,108
3987,0.8591303387838374,195
3988,0.5069031862044184,696
3989,0.4155912885720594,341
3990,0.6321334902280499,183
3991,0.2445411586213776,571
3992,0.6032953182717945,175
3993,0.8271435504724717,370
3994,0.8326123230969322,87
3995,0.3251071526164878,218
3996,0.0360742334981482,268
3997,0.4653492931468802,571
3998,0.045902856660355984,403
3999,0.5975758751770786,674
4000,0.41317977245281456,268
4001,0.9593115662236518,515
4002,0.5666707596294095,349
4003,0.12394296572090213,255
4004,0.18611781480324974,269
4005,0.8505858268743435,183
4006,0.5593004040731876,379
4007,0.08907589516301762,497
4008,0.3525511938327738,518
4009,0.9932185965494302,283
4010,0.3751416512051988,267
4011,0.5343316731686508,480
4012,0.10826972670942536,184
4013,0.4930555725523975,246
4014,0.8954910201504612,226
4015,0.6321548400379366,157
4016,0.22803584429085644,187
4017,0.6427452216124643,240
4018,0.13392978174151948,161
4019,0.586182896081063,249
4020,0.9313785999376388,360
4021,0.19705957457748557,216
4022,0.0014828899963962305,959
4023,0.24449400052731374,233
4024,0.9190964892189847,174
4025,0.5128672062419376,77
4026,0.9374355918132162,500
4027,0.7271752307139487,66
4028,0.0316517839626006,210
4029,0.7865929843595164,355
4030,0.5868700476108729,282
4031,0.25964152177599475,179
4032,0.7212041550810562,166
4033,0.032758579272774924,358
4034,0.2916842594722515,439
4035,0.1531786273596033,226
4036,0.7664020250074776,678
4037,0.21117420456756142,420
4038,0.27318891293083203,354
4039,0.21458847043831797,321
4040,0.4759439804226214,368
4041,0.6750521425996266,291
4042,0.2691633720318308,141
4043,0.4083246862345713,345
4044,0.0031752527215916926,168
4045,0.6785916963489862,209
4046,0.2915620841849703,153
4047,0.18398551531744778,159
4048,0.9168371090133159,331
4049,0.18363659811417565,433
4050,0.6520229430914294,314
4051,0.8452032802539011,195
4052,0.05257555059479224,430
4053,0.17003643899323262,749
4054,0.9859563542188267,689
4055,0.8742685364804071,293
4056,0.5543437571625848,480
4057,0.16628922853093897,192
4058,0.02368645368756417,196
4059,0.16929158845892978,416
4060,0.8797577688556061,140
4061,0.7100794169534934,71
4062,0.9223699067374788,470
4063,0.3148060104064965,42
4064,0.467826076049942,549
4065,0.421038218966561,287
4066,0.5160938312469643,229
4067,0.5729422499431475,243
4068,0.9231622697154062,54
4069,0.6285822504893975,243
4070,0.6459652546086696,596
4071,0.02890127340589177,612
4072,0.3014505486729606,292
4073,0.40856781962548516,335
4074,0.9878319880052265,234
4075,0.8170565067562053,162
4076,0.8365891461038951,215
4077,0.7962225083501583,558
4078,0.24180143942690513,139
4079,0.605399223078801,204
4080,0.49435519346227097,133
4081,0.17419453702773213,447
4082,0.4216002551955953,281
4083,0.3300332233829105,332
4084,0.9032989997777628,262
4085,0.05052396076967469,204
4086,0.9933045446004356,243
4087,0.7065914925514133,111
4088,0.12024683302441797,326
4089,0.8688920815711871,219
4090,0.9737926660880342,62
4091,0.7194451190647427,133
4092,0.23043478228265457,456
4093,0.5902633585209318,440
4094,0.3395061182750033,179
4095,0.09901338874520049,320
4096,0.3784544934170567,393
4097,0.7541294201864523,193
4098,0.4003678828828833,437
4099,0.975303511301087,253
4100,0.74296264324204,221
4101,0.6731242803805716,420
4102,0.07871279517304441,166
4103,0.15146483611751982,321
4104,0.4471310293247063,143
4105,0.46861040660900166,210
4106,0.603005999888218,172
4107,0.04107152551215898,267
4108,0.16694500641210108,210
4109,0.12978116160536668,641
4110,0.9891764188202645,600
4111,0.32615296596827104,648
4112,0.6503455046995628,300
4113,0.20573554464002997,754
4114,0.1929475687884311,135
4115,0.17803797744968752,497
4116,0.7300976554378336,233
4117,0.9121851268106416,562
4118,0.389098064726749,1035
4119,0.9301091591070124,289
4120,0.28355960767599997,163
4121,0.014053965214208874,654
4122,0.11139859776802241,232
4123,0.2897381711133671,506
4124,0.8391299603927076,419
4125,0.9281034680621914,235
4126,0.14650369831239785,398
4127,0.9442032905035073,148
4128,0.09042828463214614,413
4129,0.046068133601201766,228
4130,0.9543030042143874,577
4131,0.3606343160403409,991
4132,0.2767767290543355,389
4133,0.33687604853971953,361
4134,0.3533970820534197,257
4135,0.36277986169753984,141
4136,0.11630346230182609,129
4137,0.5840587253693834,303
4138,0.688714196624936,858
4139,0.6758897317845998,364
4140,0.8393689800223726,148
4141,0.300552785817077,188
4142,0.6364863342846302,435
4143,0.9245006293474021,182
4144,0.9126355369565942,253
4145,0.2932187418266555,477
4146,0.2045709346162573,684
4147,0.3649775812715299,271
4148,0.9894717498667166,924
4149,0.996115208710672,383
4150,0.06791162247367621,326
4151,0.8810791233060886,386
4152,0.2709042657638474,164
4153,0.13873198349270122,554
4154,0.4494783156660931,387
4155,0.34054061964796345,287
4156,0.4303273418171668,85
4157,0.3437086631595355,417
4158,0.608126475282842,317
4159,0.9802781501793997,229
4160,0.8066648645913327,247
4161,0.10432327345337133,156
4162,0.10284268173151556,243
4163,0.8140698771876554,209
4164,0.862642962198955,28
4165,0.8319465027809189,145
4166,0.30357644188862987,171
4167,0.6326219948677787,284
4168,0.27505606954354955,481
4169,0.11898320330572631,288
4170,0.4328866454721195,148
4171,0.33123267247109656,446
4172,0.963059506662084,100
4173,0.1182253952448109,947
4174,0.4223053613352732,543
4175,0.03695178710745983,191
4176,0.5894381955324502,231
4177,0.16242569908873938,45
4178,0.6811167987367527,381
4179,0.3815987885884736,538
4180,0.6123651555981824,1315
4181,0.33935809826396846,91
4182,0.8249879175241515,567
4183,0.1450512908018391,258
4184,0.05015491069421163,56
4185,0.4209704462356967,437
4186,0.870208334786849,334
4187,0.6459554660930696,150
4188,0.2923196769244182,387
4189,0.5175326857576809,169
4190,0.020087945709866828,169
4191,0.07135103219000227,334
4192,0.5489677285525025,637
4193,0.37500520380502633,361
4194,0.6341176346935012,493
4195,0.03551153666681417,505
4196,0.09230616709518324,184
4197,0.04990510723679409,212
4198,0.6350920190547233,390
4199,0.02387265969676955,388
4200,0.08327668685362022,340
4201,0.943700646129873,286
4202,0.23219971102892345,379
4203,0.6298361298430124,316
4204,0.8700525938744212,497
4205,0.012181225135076579,504
4206,0.6184645044133641,255
4207,0.08036947655390192,292
4208,0.8956212518289179,182
4209,0.7381396018042514,161
4210,0.4164067287212001,115
4211,0.5488558187143767,344
4212,0.9822125387053463,273
4213,0.3090568419589107,318
4214,0.5789597435131769,245
4215,0.884278217906363,241
4216,0.6236358842775904,221
4217,0.933142394652419,480
4218,0.45510721083018446,409
4219,0.28162321673513957,642
4220,0.1027636822911363,473
4221,0.3788018324360022,187
4222,0.40739659882224843,214
4223,0.48860555668592054,632
4224,0.25222450083652403,250
4225,0.4073612289230588,251
4226,0.9981941156381557,487
4227,0.48108475613532453,326
4228,0.3508094100247823,318
4229,0.9548948411978552,341
4230,0.25934424262317046,412
4231,0.1334645733472437,363
4232,0.08032740821054973,266
4233,0.054506898618433164,991
4234,0.7453534137829472,102
4235,0.13275359974893852,165
4236,0.733926242060631,238
4237,0.7552632724790337,590
4238,0.967270865459369,565
4239,0.351639733280134,232
4240,0.9923121114395566,448
4241,0.4418518481714918,259
4242,0.41977508380271455,347
4243,0.4069720663556795,697
4244,0.13578597866182474,606
4245,0.9889424617424215,869
4246,0.611294626995039,358
4247,0.8389037199599837,217
4248,0.4171611642576306,365
4249,0.19124438979423264,465
4250,0.09874582961768208,319
4251,0.23137102400227416,371
4252,0.3151979776235043,450
4253,0.8082141724933453,201
4254,0.21613769012614392,337
4255,0.9224775530215662,405
4256,0.9416457879881963,282
4257,0.6542766753503029,213
4258,0.593441285537516,461
4259,0.7919321076698922,213
4260,0.045106164431017226,162
4261,0.7687765715797087,403
4262,0.7718183922386141,522
4263,0.9765350731402375,299
4264,0.33032273983094473,350
4265,0.3499980664791188,244
4266,0.5301520431856066,335
4267,0.4675231526146192,119
4268,0.8772604630357874,276
4269,0.8856110944968684,278
4270,0.6174117950286985,786
4271,0.8209981419794568,259
4272,0.7690606085701128,768
4273,0.773816752004887,674
4274,0.5897798315033058,630
4275,0.6781356658669382,483
4276,0.2807163153601092,551
4277,0.8119444591947537,138
4278,0.7231977264767269,688
4279,0.45989012057619094,169
4280,0.8220982132005971,599
4281,0.6139252311686003,521
4282,0.5161114876031536,443
4283,0.31394384676945775,856
4284,0.0038719582378122785,879
4285,0.015066278263075605,276
4286,0.13221899354312505,545
4287,0.08200588526868346,305
4288,0.32543091653851575,212
4289,0.347473633871759,265
4290,0.3577907313736085,250
4291,0.4651977174344899,1058
4292,0.14260572367266444,261
4293,0.4221803437350613,258
4294,0.8113905103238307,507
4295,0.8391236528724078,354
4296,0.04797815954773943,626
4297,0.6865182618473032,466
4298,0.009212720839470223,233
4299,0.015367714677950506,497
4300,0.9594785197303866,945
4301,0.7480695771600173,765
4302,0.6233807917910305,306
4303,0.12047673403150805,294
4304,0.2962005522017843,367
4305,0.029134898603286774,179
4306,0.860319585653937,776
4307,0.9654040126163377,171
4308,0.26384966028797474,316
4309,0.18383837179415552,111
4310,0.38388235396584547,314
4311,0.783172752144823,313
4312,0.8186188741708588,67
4313,0.7520403131748745,52
4314,0.8341737919684483,285
4315,0.015606948848075453,265
4316,0.9133597545426168,149
4317,0.690874816901076,118
4318,0.659680072727403,202
4319,0.9207962994149643,430
4320,0.7887403644385519,603
4321,0.7607438395002906,187
4322,0.06769248794415095,543
4323,0.729164013465436,1295
4324,0.9370361090764779,57
4325,0.1043220370994713,460
4326,0.688603751162117,286
4327,0.5538509154274048,339
4328,0.5098147872885617,207
4329,0.9794289081857336,218
4330,0.8561874358861763,145
4331,0.41243647463074107,565
4332,0.3469951972189901,429
4333,0.3388160184775323,233
4334,0.22391193300374002,137
4335,0.334054894227108,458
4336,0.616114267468324,299
4337,0.3893515764583706,124
4338,0.21378508953093123,385
4339,0.9000744561620848,365
4340,0.8859042919320101,220
4341,0.6680071929428397,304
4342,0.0027879382399097485,392
4343,0.009795321526902656,244
4344,0.7910513807713999,389
4345,0.1269946767845439,121
4346,0.1748033263815313,264
4347,0.7630148468033632,307
4348,0.8494463536172193,251
4349,0.6417939906490153,477
4350,0.10777599610425381,535
4351,0.07061229192116292,561
4352,0.6700177998118865,343
4353,0.936205628812804,164
4354,0.3898473352399713,468
4355,0.3775450523271139,171
4356,0.7928157971807016,270
4357,0.7792407168489957,491
4358,0.8935573479812117,444
4359,0.47957560921476317,298
4360,0.5059960099473602,669
4361,0.6121475675065409,259
4362,0.6461347087602582,270
4363,0.27770922097057704,373
4364,0.31086730317408184,326
4365,0.9516717556175263,76
4366,0.40062591708180895,364
4367,0.7747276564318136,320
4368,0.6630886985150929,335
4369,0.056916624518400294,577
4370,0.5617605603390762,160
4371,0.38192401639268225,343
4372,0.17855902237117072,315
4373,0.883887862273965,266
4374,0.1081376031206106,367
4375,0.4608555133959632,324
4376,0.50604368018041,429
4377,0.7262183593526629,169
4378,0.49259944062834493,394
4379,0.326671079729717,341
4380,0.22950689375415523,230
4381,0.13211680989468977,418
4382,0.004909594300247955,184
4383,0.04823510308278611,266
4384,0.07590300193546917,213
4385,0.014580133943540297,382
4386,0.8257069398828972,543
4387,0.9304713563515563,362
4388,0.2531774155275611,75
4389,0.621074864029169,250
4390,0.4672232010805494,123
4391,0.8715082794043806,440
4392,0.819051604220232,446
4393,0.5656331518556319,415
4394,0.6030577799275955,312
4395,0.8070708449953626,308
4396,0.5062548080484539,61
4397,0.6432677121069792,410
4398,0.1796152299101651,279
4399,0.20819987558225395,436
4400,0.6083947707363873,123
4401,0.7915144606520108,188
4402,0.06152005661246718,216
4403,0.5193601250508864,454
4404,0.0188017062892899,310
4405,0.39157204182489025,151
4406,0.9235335115307193,218
4407,0.589744805131514,515
4408,0.566448636043147,639
4409,0.5395516651990032,300
4410,0.3414521596826249,125
4411,0.6106352252575835,86
4412,0.7010863960704115,328
4413,0.10439319762785504,211
4414,0.1917488008107081,242
4415,0.8075953539128584,558
4416,0.18358288784095234,200
4417,0.5132911476274886,283
4418,0.9841320858730951,97
4419,0.6426814593325837,101
4420,0.8637733305314882,382
4421,0.977319050480115,336
4422,0.0724389508367086,850
4423,0.29001324740890677,164
4424,0.8730160541388272,147
4425,0.05207895713857558,330
4426,0.444760473279857,300
4427,0.6356418644596309,175
4428,0.4908675262791644,318
4429,0.6562931874644558,368
4430,0.3562396039995154,47
4431,0.7460674799331626,326
4432,0.9988868057117405,529
4433,0.8028754859766876,152
4434,0.5420471908032359,243
4435,0.4479693922315452,254
4436,0.44039794289471457,280
4437,0.09984660956711466,512
4438,0.8739786923506228,107
4439,0.6654280446958137,138
4440,0.04319417456903896,270
4441,0.12749371814866817,420
4442,0.019328007744158993,83
4443,0.15001312113415444,336
4444,0.9157509228074933,266
4445,0.8958276690448529,483
4446,0.14471780306093307,878
4447,0.17901394819014382,223
4448,0.38803768664284277,100
4449,0.7840255131108065,129
4450,0.9720081091116072,340
4451,0.41788387327429,326
4452,0.5330221761978982,273
4453,0.0870589532849263,124
4454,0.23929433131925892,168
4455,0.4995514657532426,332
4456,0.8185364701046791,367
4457,0.9698802158823454,216
4458,0.38425718118471897,70
4459,0.08283826774441139,684
4460,0.5982383576031707,234
4461,0.7094460269477099,178
4462,0.340076095811341,300
4463,0.963788848861603,169
4464,0.10197312460074692,207
4465,0.8277255230244245,225
4466,0.16972104820358713,91
4467,0.7053919542702831,338
4468,0.38140272781413,339
4469,0.6529176395018854,140
4470,0.47166627929606375,73
4471,0.04316050767704249,508
4472,0.6042089425862126,344
4473,0.11557762980569564,219
4474,0.5717898642500914,81
4475,0.6565996929292356,330
4476,0.08264533769081273,181
4477,0.7628385507086526,606
4478,0.5695258565646726,111
4479,0.052771851413688564,238
4480,0.7153895646645205,284
4481,0.06590711625143564,142
4482,0.7878327436534707,400
4483,0.16455389796701647,204
4484,0.5136406933957528,254
4485,0.4397014113257969,185
4486,0.15336811162732455,117
4487,0.6781878087265161,169
4488,0.3144566229886908,605
4489,0.12670082891648637,393
4490,0.04384837370477945,159
4491,0.036226205708339565,286
4492,0.4305292760068373,526
4493,0.6296736811320364,126
4494,0.6567458212604292,179
4495,0.7255814372547368,442
4496,0.26794402652143323,246
4497,0.3804833692188607,481
4498,0.11705570108079599,363
4499,0.031143192373862094,279
4500,0.4740542596185132,177
4501,0.6605598620565205,254
4502,0.3600786076777335,833
4503,0.38784042822108233,693
4504,0.994416739342867,125
4505,0.7183487483296405,425
4506,0.6292156954858441,151
4507,0.019669760775506417,185
4508,0.5857408426797519,504
4509,0.3642733729398525,135
4510,0.2247820236428285,303
4511,0.13319118540507846,266
4512,0.05961564264519459,160
4513,0.5642126655339489,133
4514,0.20871617145991328,455
4515,0.317871088427077,141
4516,0.3231101740267339,222
4517,0.7099187743633042,122
4518,0.3754966868606474,387
4519,0.08632584077982919,163
4520,0.044142008883576445,214
4521,0.2816476906379085,588
4522,0.653185879626644,359
4523,0.3252263897960449,482
4524,0.05425201260045398,503
4525,0.4346206291410093,148
4526,0.03901859734723978,212
4527,0.6352661319646313,49
4528,0.8115262722216607,207
4529,0.6150897213365267,226
4530,0.1493578250394253,376
4531,0.9843397959580229,103
4532,0.20303014531890762,607
4533,0.7032440324821962,459
4534,0.008561660274396199,154
4535,0.6051736953625598,302
4536,0.029724337151870173,943
4537,0.1393044354991546,236
4538,0.1957078958020273,187
4539,0.5246572991199092,446
4540,0.4400107280050405,396
4541,0.4801518379798362,126
4542,0.21341286011883598,413
4543,0.506421192939529,433
4544,0.47092438389251856,905
4545,0.5627301904895922,424
4546,0.42320969748409687,579
4547,0.8325873585283858,782
4548,0.8290575170531289,215
4549,0.4564013784375305,401
4550,0.640271593899846,314
4551,0.3570274706221097,561
4552,0.03363637467634306,254
4553,0.5084915748375137,362
4554,0.143105272390727,476
4555,0.706571221715459,400
4556,0.7751642074147386,554
4557,0.8197016155932952,893
4558,0.8574563572722934,509
4559,0.10604215182140209,299
4560,0.5797502490444859,329
4561,0.9745754208801314,521
4562,0.553119178488039,252
4563,0.5592570821945848,280
4564,0.9624288598296985,418
4565,0.3593732060665895,315
4566,0.8130251581622118,334
4567,0.9052826932443603,288
4568,0.6559619354573458,285
4569,0.9297439575304405,363
4570,0.08511746564989087,127
4571,0.2555946073715787,321
4572,0.24835548221284875,217
4573,0.5458874596777964,247
4574,0.2938272604221045,187
4575,0.9196658623495059,384
4576,0.07064093920014036,129
4577,0.755413664225283,272
4578,0.4551460681481331,661
4579,0.7621815914246576,308
4580,0.013999749150295893,330
4581,0.6676715003557876,201
4582,0.9544729316578889,568
4583,0.35918753062752085,439
4584,0.767820672746999,86
4585,0.006761765937443154,349
4586,0.08326368066406264,511
4587,0.4843098276426424,315
4588,0.2926519499399397,304
4589,0.2776554947412575,466
4590,0.25700658576558066,106
4591,0.7354712322699316,235
4592,0.6126133798951341,126
4593,0.36899284521795117,460
4594,0.190382683013534,481
4595,0.7607778014346075,287
4596,0.7393380985261713,242
4597,0.9663410742249617,230
4598,0.39793156117142603,287
4599,0.25781431685422385,331
4600,0.8778816759567404,548
4601,0.04061672899096869,364
4602,0.6277199564253599,401
4603,0.5911499238545859,347
4604,0.547502147163599,168
4605,0.8419941260535323,24
4606,0.5024837169344227,510
4607,0.058158181525909236,359
4608,0.9767585705952102,195
4609,0.4287551850773794,1050
4610,0.8686447011360491,1193
4611,0.027546998117738974,170
4612,0.1049107235545289,112
4613,0.940876587265057,288
4614,0.843893450082484,190
4615,0.06981038227558223,130
4616,0.055598590657993885,169
4617,0.41380639956569143,587
4618,0.14519380354311096,166
4619,0.5336404427950306,281
4620,0.14179412036701755,623
4621,0.9924135331266022,252
4622,0.10203134887347631,568
4623,0.624528498433853,74
4624,0.29988347485790967,536
4625,0.7747093424522562,318
4626,0.5695528223655703,505
4627,0.4572464718275683,158
4628,0.45132318001822913,280
4629,0.3320171117412394,231
4630,0.6223707719805631,274
4631,0.6906460848448011,368
4632,0.40358673249759247,286
4633,0.6126756477282681,210
4634,0.04030093572510751,474
4635,0.20229645584309752,258
4636,0.6158613615915649,105
4637,0.27241445955230403,117
4638,0.08326224908930147,194
4639,0.1150369490623977,466
4640,0.6624822249472101,302
4641,0.3127233087522393,544
4642,0.22278577050638682,383
4643,0.470185803625938,87
4644,0.31074856206391,200
4645,0.5987162116430986,131
4646,0.08506397900909435,489
4647,0.14299433328310207,680
4648,0.6092906014246242,282
4649,0.6718783869697769,405
4650,0.2692706335625684,340
4651,0.7717756547890781,581
4652,0.8282836112927418,194
4653,0.37261669800905217,156
4654,0.6188065482962437,327
4655,0.00819672220051415,691
4656,0.3274476161249441,596
4657,0.7314484111971448,730
4658,0.1531451529463964,299
4659,0.6068450522216847,1204
4660,0.21665000207669516,261
4661,0.7636936035622329,588
4662,0.49205258596643175,180
4663,0.8511965137574254,264
4664,0.14693610059773943,425
4665,0.5967232256613165,331
4666,0.5271866728467707,353
4667,0.18514575756369445,286
4668,0.8432169086580075,454
4669,0.8580386279254846,135
4670,0.769481313162458,144
4671,0.3172412733311839,149
4672,0.9067159795694929,200
4673,0.9749767793171322,374
4674,0.5415963728028249,217
4675,0.698374818246756,246
4676,0.8963696922910265,197
4677,0.039208871186642735,164
4678,0.3234739209436571,306
4679,0.4293217103904591,736
4680,0.3842654692188704,801
4681,0.6210433762273627,251
4682,0.8875775489076606,575
4683,0.8011257129086761,1034
4684,0.21529633501176992,353
4685,0.3137733609809349,457
4686,0.6737296232462812,160
4687,0.3675552202625597,182
4688,0.528280812512551,764
4689,0.02220719108140945,347
4690,0.6855832509359849,207
4691,0.32379810211197235,232
4692,0.351963350880627,184
4693,0.8527185988430199,733
4694,0.7219254531305695,204
4695,0.771838224188848,220
4696,0.7787157082830315,451
4697,0.4422273202098078,240
4698,0.2355024290717015,139
4699,0.33964428949796577,169
4700,0.42980722111623604,549
4701,0.8137254857909549,147
4702,0.018442260633509622,452
4703,0.813491939452252,156
4704,0.37357022679661456,406
4705,0.06263621649087225,204
4706,0.9458124255154401,118
4707,0.7041409319383074,71
4708,0.29302243769773517,83
4709,0.9235453945533739,738
4710,0.7239668002554438,208
4711,0.13623176772228884,187
4712,0.6941553327079106,132
4713,0.06009859463875267,120
4714,0.7294923064447806,182
4715,0.2574963585025718,292
4716,0.462625373900598,302
4717,0.5717721052056691,571
4718,0.8377627042605802,397
4719,0.040853076100251684,161
4720,0.5760046898534791,374
4721,0.4369800756430442,134
4722,0.5607720651739594,383
4723,0.42247396266120607,607
4724,0.1957506289599057,300
4725,0.34907496170744656,155
4726,0.6456353676788698,274
4727,0.2445048846014427,404
4728,0.5407462754544815,294
4729,0.5377741541370173,220
4730,0.4280599062199637,319
4731,0.4712782199592732,288
4732,0.7159537078194138,309
4733,0.09749315783802537,396
4734,0.7027262521752146,229
4735,0.46979546966666663,996
4736,0.1538163375985513,475
4737,0.6731393597799092,219
4738,0.6563104735281764,246
4739,0.12975672610106748,452
4740,0.6282026923718889,485
4741,0.9257598028588975,488
4742,0.4987572859662981,56
4743,0.24397427068736866,193
4744,0.24614393478528762,1131
4745,0.48728374446697087,152
4746,0.8491904153287044,197
4747,0.657821057009029,404
4748,0.6736557961897213,85
4749,0.0827385100257968,232
4750,0.9330475857023658,266
4751,0.3399809327839364,271
4752,0.8155496698417252,196
4753,0.648258620703559,267
4754,0.7534255281165708,239
4755,0.3777473392441292,226
4756,0.3957186342432155,186
4757,0.950759949156577,313
4758,0.19682274982021108,548
4759,0.701482492306651,643
4760,0.3483417464842026,390
4761,0.18732786344931174,419
4762,0.37571625881270465,157
4763,0.20552479899905562,102
4764,0.16489082214391904,151
4765,0.7434568963204907,221
4766,0.9847564059873405,37
4767,0.37231977330577326,237
4768,0.2394882561099142,286
4769,0.37422108097235396,240
4770,0.2133819980809709,177
4771,0.8522503679349821,630
4772,0.9346462373919503,149
4773,0.6564507085177946,108
4774,0.22106395850199,298
4775,0.13958318834915673,230
4776,0.49326193291572074,895
4777,0.36204213659253326,330
4778,0.5918328210346571,473
4779,0.3394032879773944,322
4780,0.20119161060329782,581
4781,0.6467249622507271,551
4782,0.35364709989820675,438
4783,0.08668155601754413,401
4784,0.4216063661057563,292
4785,0.2759601006644946,610
4786,0.9264846163430117,355
4787,0.003918760755336814,312
4788,0.26076852521874905,447
4789,0.22600150351421955,396
4790,0.5763989782935627,174
4791,0.549228769182926,339
4792,0.06603700615251473,893
4793,0.01729570709959327,932
4794,0.23520528547447095,443
4795,0.41384847984546946,217
4796,0.13973285413758751,217
4797,0.5931816635721956,306
4798,0.372558660917753,188
4799,0.5429156483938852,275
4800,0.42498054915096883,147
4801,0.5939416915253473,305
4802,0.5459805488036199,624
4803,0.5722511087314989,50
4804,0.807639565926148,439
4805,0.8840517658187257,504
4806,0.13982977349407066,237
4807,0.9968734057483213,102
4808,0.9014074490220801,118
4809,0.9611870868723834,555
4810,0.9635616678715355,428
4811,0.5057669457243619,151
4812,0.9591606855541297,663
4813,0.3159692554421084,263
4814,0.44095078265457255,243
4815,0.03157921759104987,332
4816,0.6417815933461156,202
4817,0.27298357484862523,164
4818,0.8668327608452063,465
4819,0.700546505184365,732
4820,0.3448484033649768,206
4821,0.9721255350090228,319
4822,0.7511428878535297,575
4823,0.6487480115100785,160
4824,0.86889195688456,75
4825,0.27841875795436655,334
4826,0.36424231722604195,947
4827,0.716328907512125,163
4828,0.9526205041348942,193
4829,0.25162709316218546,651
4830,0.46983240545235294,178
4831,0.6054167217603901,190
4832,0.7107958888993755,560
4833,0.2619552355069956,208
4834,0.6165503261831503,219
4835,0.7144731566627549,475
4836,0.9042809784338769,540
4837,0.7219539188861697,480
4838,0.8924549514884235,87
4839,0.35949660619372026,367
4840,0.6638199644652267,165
4841,0.3334530890600367,270
4842,0.7957183393994067,224
4843,0.0004660296934028141,239
4844,0.8761292518989573,93
4845,0.32355609514043393,404
4846,0.01510499118905173,505
4847,0.3300362918266381,618
4848,0.9545639029563067,252
4849,0.5876240233136315,141
4850,0.7197764770550499,290
4851,0.7840523157323649,603
4852,0.12777776955802722,1172
4853,0.2315197245521814,175
4854,0.760769184310504,108
4855,0.9875549612372929,333
4856,0.9355811570084239,206
4857,0.5728323396286292,322
4858,0.7589987951379841,457
4859,0.33274699552494313,473
4860,0.82642683810346,522
4861,0.3944776323831124,237
4862,0.2554795434648688,467
4863,0.051508972930195296,238
4864,0.47384573081685966,401
4865,0.24468637509817748,344
4866,0.8390373190786133,401
4867,0.47402272507953425,244
4868,0.3852705549518053,296
4869,0.4271929079133505,283
4870,0.997263131712592,398
4871,0.393141763002276,185
4872,0.7563171068602468,641
4873,0.48928962648740804,196
4874,0.17795197164952725,205
4875,0.22407521807182396,272
4876,0.1811930777386922,197
4877,0.03166187301852896,363
4878,0.35962955397725027,511
4879,0.41388782511990063,442
4880,0.6738276401364421,659
4881,0.6441150850512222,297
4882,0.5168888035453095,414
4883,0.8203515749061808,280
4884,0.0782361225199939,185
4885,0.10212052580355913,482
4886,0.6894332748018609,371
4887,0.3266346653952569,563
4888,0.940860550368202,255
4889,0.5958220528140973,708
4890,0.43600950142535155,95
4891,0.728154335205951,571
4892,0.35771519126579676,245
4893,0.9814196083530513,539
4894,0.7843852477588358,123
4895,0.36276802100714134,1002
4896,0.33846695396838933,277
4897,0.7396516223231994,428
4898,0.6082717118052122,416
4899,0.2479071393154434,456
4900,0.18073939827945018,352
4901,0.9699385801607693,121
4902,0.6996748171102063,677
4903,0.3357691224323224,135
4904,0.8942977817287339,298
4905,0.1127143187649543,587
4906,0.7193375766267354,1044
4907,0.019965037047759426,374
4908,0.46686044675302285,307
4909,0.861892836507898,457
4910,0.7383807858094938,333
4911,0.2535378449920813,110
4912,0.30133067689503856,198
4913,0.3542411233795727,206
4914,0.11552604676805289,384
4915,0.7255685025825631,395
4916,0.2501748012480055,315
4917,0.843820095879618,76
4918,0.5514223934864071,236
4919,0.9803645660588111,324
4920,0.8751869514356476,879
4921,0.883013000931854,227
4922,0.6318294087699087,297
4923,0.8791249317887578,293
4924,0.4734515978986089,136
4925,0.6655084187815343,575
4926,0.022496980134162903,145
4927,0.04390646998367076,528
4928,0.9328832607744583,280
4929,0.43969068281931145,295
4930,0.2671058853736086,106
4931,0.9879118081349834,163
4932,0.016113734820689674,412
4933,0.6834743746053834,137
4934,0.4694707294860917,503
4935,0.47881402118082594,222
4936,0.6684927682335331,102
4937,0.06749195016193232,827
4938,0.6178581788266498,423
4939,0.8765506199378585,180
4940,0.40301781259052194,181
4941,0.7782224073743286,640
4942,0.09063631114978543,178
4943,0.2839287231841192,196
4944,0.7117194232369403,317
4945,0.5154953577729946,205
4946,0.27063130984143735,660
4947,0.748110279690218,210
4948,0.9800565897675292,131
4949,0.3570612343743934,390
4950,0.7866096568249527,183
4951,0.15883126402154246,428
4952,0.7132379948350226,170
4953,0.131493543218537,502
4954,0.8136551576509571,582
4955,0.18318025309999175,131
4956,0.5979255102265927,428
4957,0.04190591016092682,236
4958,0.22261742121356565,696
4959,0.7424078426850871,253
4960,0.9304460196449593,314
4961,0.7829032439414857,498
4962,0.03701726353711954,418
4963,0.6702463495116285,527
4964,0.05748986318972771,168
4965,0.5080492434862144,236
4966,0.5089990739800851,550
4967,0.5999914526937766,814
4968,0.27154865287554353,270
4969,0.10453758946268654,153
4970,0.6000018126153889,796
4971,0.9012517106644161,390
4972,0.4309974324384732,726
4973,0.8727259894110438,163
4974,0.08011700657367704,883
4975,0.9889871767748927,80
4976,0.09413064425423212,273
4977,0.2771107283012936,468
4978,0.17377186900801567,271
4979,0.9287157088284064,238
4980,0.4738848916089127,222
4981,0.031992653236258994,374
4982,0.6484987131481648,184
4983,0.45732221592974687,258
4984,0.8763084988827419,986
4985,0.6515590207385813,101
4986,0.6054758534908187,176
4987,0.7649427869267246,449
4988,0.6661012310441743,453
4989,0.6832851973637803,255
4990,0.9884389620291639,468
4991,0.0512666495864631,64
4992,0.16403833298268222,360
4993,0.9832339426498108,556
4994,0.286911289880292,764
4995,0.5762441678708623,391
4996,0.8361820469039372,102
4997,0.5600054008353548,266
4998,0.2871788427289419,78
4999,0.1364375164559758,464
5000,0.9176273544884793,515
5001,0.9249335723365444,443
5002,0.5664247264884678,155
5003,0.20430804198746755,367
5004,0.6486770268106881,852
5005,0.0887203983544923,333
5006,0.3923927051404522,229
5007,0.4484894400689017,465
5008,0.438807861419393,265
5009,0.3291838746858071,214
5010,0.29706449363145715,314
5011,0.9344110043827429,799
5012,0.7436502105241344,221
5013,0.2607697609111894,484
5014,0.593565110092215,375
5015,0.486678330411225,177
5016,0.15947775788099494,629
5017,0.13536175141004603,202
5018,0.04406995908836886,640
5019,0.018329719201173544,154
5020,0.7122195364727302,235
5021,0.9150941176529497,338
5022,0.14605753805063582,114
5023,0.03943269275819028,318
5024,0.15155742738451639,168
5025,0.5394557858520579,403
5026,0.47140097615516663,269
5027,0.8605945410991575,128
5028,0.5373641924668318,389
5029,0.2825848853272199,102
5030,0.04294737453163622,556
5031,0.3029941499744372,284
5032,0.014229125541207144,229
5033,0.37322461954221053,465
5034,0.7370107642357475,622
5035,0.3428705229029262,369
5036,0.499060546679966,200
5037,0.04826869860194982,457
5038,0.18463227108328317,263
5039,0.9999527999617644,253
5040,0.29639262771310326,74
5041,0.12771278842054,251
5042,0.25398921222424775,216
5043,0.9549781170097292,175
5044,0.12279140509662168,109
5045,0.5449124980883562,484
5046,0.37477320358586197,297
5047,0.40763790249533083,416
5048,0.8399895255218468,198
5049,0.35952298833498897,662
5050,0.6488340358433542,191
5051,0.8061491297277171,174
5052,0.6048969188450452,171
5053,0.4287818801855432,449
5054,0.579138138885947,430
5055,0.4521067852438799,105
5056,0.01529180571043387,465
5057,0.19971899726558684,228
5058,0.0065885779880968665,318
5059,0.7949575469039372,331
5060,0.4103074732392723,67
5061,0.4461758652736665,357
5062,0.40296644498092926,381
5063,0.04985699159074253,479
5064,0.6213819549714353,239
5065,0.15779047631818355,302
5066,0.46837349904173275,360
5067,0.3148699392667069,213
5068,0.44301252374251077,562
5069,0.6738489419647946,288
5070,0.1848540247504895,271
5071,0.19743480956066894,512
5072,0.019840053441413374,183
5073,0.18917747667549667,348
5074,0.24483079034068456,194
5075,0.008810880969793433,366
5076,0.0018102988573268641,109
5077,0.02871218468451775,76
5078,0.7786252857345292,402
5079,0.1359163868396388,228
5080,0.369365454420833,910
5081,0.8542605015112397,245
5082,0.45442899910305246,141
5083,0.7944196106913124,254
5084,0.0694413602705668,77
5085,0.33534546885146144,290
5086,0.6347611687939971,753
5087,0.5378727174773125,732
5088,0.18221458912371846,584
5089,0.3487988535448159,237
5090,0.9365518422632588,171
5091,0.050442856661468194,215
5092,0.11221851736306088,272
5093,0.7332367985074177,447
5094,0.5977357315824201,328
5095,0.439061778987589,186
5096,0.9513276812557647,258
5097,0.3828178995632706,64
5098,0.4557308163994409,298
5099,0.6323039153360623,681
5100,0.5311109718516879,243
5101,0.3823738672996648,398
5102,0.3272245056428522,302
5103,0.26104238317404926,983
5104,0.5157706353944217,377
5105,0.8486810864787018,107
5106,0.296084453395695,422
5107,0.3529332744125806,109
5108,0.7231821266487771,80
5109,0.4501767014374777,347
5110,0.260216384064472,55
5111,0.9017575319249423,96
5112,0.4694904919965456,428
5113,0.7874115691076871,132
5114,0.9255262540729736,815
5115,0.47555723298458663,362
5116,0.821282591861831,130
5117,0.5676878950113736,478
5118,0.22015386768260226,446
5119,0.28944572904320875,400
5120,0.7782770035976413,349
5121,0.626648168113701,290
5122,0.8167584968663405,523
5123,0.46007790797316706,300
5124,0.9335507623924209,303
5125,0.41287090901393153,210
5126,0.13007513826331296,543
5127,0.32593079119881807,482
5128,0.26075766905728637,251
5129,0.3109011144344197,94
5130,0.5402901732965754,836
5131,0.4939613506728896,232
5132,0.38300134811780506,468
5133,0.9968745441054585,221
5134,0.8799543709002349,178
5135,0.5628821447727484,384
5136,0.5279659417028674,289
5137,0.595851041143373,462
5138,0.4482018789282438,195
5139,0.7223351540635532,269
5140,0.8161591476670814,351
5141,0.23196067072822513,287
5142,0.7525175691355416,313
5143,0.35969127546946245,536
5144,0.5282167137532048,390
5145,0.8746800964656264,93
5146,0.6047336934779021,206
5147,0.22023344958394764,464
5148,0.72068039922885,207
5149,0.9579532621079911,1024
5150,0.19505469414069754,369
5151,0.10698939048649103,265
5152,0.38158640744492023,178
5153,0.9087295831922734,258
5154,0.8783136243617095,321
5155,0.8510523307032795,375
5156,0.3909677403374373,408
5157,6.321083225779844e-05,255
5158,0.3398087792229074,860
5159,0.8698962597770318,498
5160,0.6400246794645669,572
5161,0.9875204788910064,252
5162,0.9765493705303421,256
5163,0.7525374933060919,465
5164,0.13213279192008842,328
5165,0.1254463959135429,247
5166,0.7333872152202378,149
5167,0.6434038136383424,430
5168,0.016976310216517576,321
5169,0.9262698121669749,228
5170,0.7258572015328476,218
5171,0.6465039547046821,291
5172,0.5278969517794525,467
5173,0.600117640381927,927
5174,0.3961733956209891,159
5175,0.8413832996919395,260
5176,0.8847462204514619,251
5177,0.9165643831991533,338
5178,0.1511747744269787,634
5179,0.6446750602803559,146
5180,0.7582378356096877,243
5181,0.37463699606754675,237
5182,0.47209142810484594,311
5183,0.7123965092499245,79
5184,0.9577832509680347,600
5185,0.6637442108237541,284
5186,0.8052881219505392,299
5187,0.6663143585092572,229
5188,0.008724767108283293,576
5189,0.3024685812079657,201
5190,0.41872887455439034,109
5191,0.04984833634456909,428
5192,0.9643027176431979,498
5193,0.5343212472338861,640
5194,0.7400890662384126,154
5195,0.4169968868467361,186
5196,0.14964506469237726,448
5197,0.440516934589817,560
5198,0.1527952932283988,240
5199,0.49682518359664274,503
5200,0.8620204587887702,200
5201,0.26488922196929154,224
5202,0.5269162959008833,215
5203,0.3287252038035069,161
5204,0.9148192198281478,283
5205,0.8214885134247736,321
5206,0.8751424137655115,115
5207,0.8733025465780122,395
5208,0.6041636384064576,133
5209,0.3139980450359693,610
5210,0.26397469157558273,721
5211,0.4895546969965393,394
5212,0.8329267092965849,270
5213,0.3975650272529829,240
5214,0.12230769032153088,1380
5215,0.37450556916425637,649
5216,0.22874857348040833,352
5217,0.6652315330261811,266
5218,0.9959479101836695,49
5219,0.8627942493381101,293
5220,0.28088872107945007,538
5221,0.6006171728320459,441
5222,0.5271208240433568,62
5223,0.41908652043461136,353
5224,0.48315248231512875,235
5225,0.608182248412495,200
5226,0.0595845526224994,276
5227,0.3105652675649616,213
5228,0.6432431085612877,183
5229,0.31164807930254035,458
5230,0.3495369685503553,293
5231,0.5116202313065371,182
5232,0.9137093974963846,416
5233,0.7730264266241403,224
5234,0.8728920511436686,197
5235,0.5400642749367344,171
5236,0.14718554581494303,187
5237,0.10313801035087322,372
5238,0.16834796321352863,566
5239,0.3909586086475987,269
5240,0.9004928397927412,436
5241,0.9293807454232245,94
5242,0.03720341471419952,244
5243,0.1330093489440305,85
5244,0.31400690873322545,375
5245,0.9579427772628781,254
5246,0.5252924031417722,305
5247,0.8534076488056686,318
5248,0.2691880828795786,337
5249,0.26440370547888614,457
5250,0.9896887940627059,397
5251,0.43394603117521524,184
5252,0.3211729473238809,653
5253,0.5109868742549696,758
5254,0.0060655571501888605,130
5255,0.6639637633538078,663
5256,0.5985716768471405,348
5257,0.7113935570788129,252
5258,0.2691062980636191,370
5259,0.8421325140052542,230
5260,0.6239133661197048,204
5261,0.41307085747932804,193
5262,0.8274074711266572,304
5263,0.23418536359418962,641
5264,0.9179533804687564,275
5265,0.437638175445757,192
5266,0.250229963117904,346
5267,0.7726968900343036,419
5268,0.42096369936883316,460
5269,0.8293611550347583,362
5270,0.6920778287026095,445
5271,0.9469480865367385,425
5272,0.6092869044584307,205
5273,0.9539019698498209,221
5274,0.7873849981745507,422
5275,0.24051595166529827,57
5276,0.3888699224635054,595
5277,0.9035515869488681,380
5278,0.6828348033688574,419
5279,0.5463967368512234,460
5280,0.6228555655317479,390
5281,0.17141697631946962,128
5282,0.41260737328702235,249
5283,0.5499165502460301,523
5284,0.5996544147358692,218
5285,0.4810513709462121,475
5286,0.35081044883841805,79
5287,0.5797716801278283,217
5288,0.08580590233139529,221
5289,0.6149144476516367,388
5290,0.30357580912508575,139
5291,0.2782398560083992,507
5292,0.66286214178225,328
5293,0.638660284113155,460
5294,0.9566567040359965,312
5295,0.7933790493056361,296
5296,0.5705609183328688,505
5297,0.7713031480092944,92
5298,0.7309292399494356,143
5299,0.7774540598917665,119
5300,0.23831060684259486,387
5301,0.9294886961845013,112
5302,0.6206189826173921,62
5303,0.4426260148396296,274
5304,0.5410427129827445,70
5305,0.7172093159736816,279
5306,0.7238183829646583,161
5307,0.38419159166098493,344
5308,0.5541403356831823,134
5309,0.32386748548481803,489
5310,0.052399995056746085,395
5311,0.5623001371977834,236
5312,0.97019012553207,369
5313,0.5269877866268182,160
5314,0.98398208152835,626
5315,0.45990884746399086,293
5316,0.4003606533378953,111
5317,0.6534207533039562,186
5318,0.5702801617387162,191
5319,0.7789023630361743,786
5320,0.8550914281490819,376
5321,0.5816869681677341,228
5322,0.20517526411351095,429
5323,0.5177241372806896,226
5324,0.8939829231820512,256
5325,0.27341972215226085,149
5326,0.8023931242821764,561
5327,0.22032556721926222,413
5328,0.8440598577640707,269
5329,0.1689486804372784,125
5330,0.3855761904044184,393
5331,0.41844773138645275,222
5332,0.5726737125497007,304
5333,0.7087325638506939,486
5334,0.8539749613876474,120
5335,0.1359835981186336,174
5336,0.023668207283388698,170
5337,0.8535198412518578,380
5338,0.9056695666150684,351
5339,0.15636182435606205,425
5340,0.991569693335229,417
5341,0.8209970208304153,173
5342,0.4054840633176119,311
5343,0.9301386152126501,751
5344,0.4826155027601634,312
5345,0.6794762822592425,122
5346,0.038734051535194824,379
5347,0.9698590147230075,90
5348,0.6277750943588573,379
5349,0.49707936869750646,318
5350,0.2785727402667144,348
5351,0.8236247977592234,339
5352,0.6005247556279719,269
5353,0.19138868142077103,314
5354,0.049586115159343525,464
5355,0.10314669444626334,440
5356,0.37552140129405975,132
5357,0.9708864801660942,103
5358,0.46333824738984686,127
5359,0.8454241030764772,39
5360,0.6858087158875338,387
5361,0.1025536950579321,408
5362,0.48252680092251,849
5363,0.36636829613572375,247
5364,0.4761121123272347,409
5365,0.018045090610837033,478
5366,0.5032203550829458,214
5367,0.2433712886203725,223
5368,0.8759830351111566,572
5369,0.045291523850174764,385
5370,0.3850181819179084,83
5371,0.2204842274463722,119
5372,0.7778302601565693,195
5373,0.3738844712256095,70
5374,0.7154043092963613,141
5375,0.050846002977415594,602
5376,0.5300340588257596,301
5377,0.8842574158133369,337
5378,0.6304283042218835,307
5379,0.1723340745152474,262
5380,0.6502983400628228,206
5381,0.8929987014017249,72
5382,0.12774775955369633,359
5383,0.4164053929501509,100
5384,0.23036554920652275,606
5385,0.7958976279492138,772
5386,0.6039041390566519,308
5387,0.7556568026305945,299
5388,0.684156982234698,197
5389,0.6994982619929521,247
5390,0.8981843765041772,124
5391,0.6605398031379769,183
5392,0.14878935491779022,193
5393,0.16785038714321232,250
5394,0.6666286808314373,349
5395,0.2988031568836438,300
5396,0.5671335120201704,208
5397,0.45300797221160904,121
5398,0.08520726328053774,569
5399,0.050716051398831064,590
5400,0.49224853648423894,456
5401,0.6330599912612475,63
5402,0.898344117911403,630
5403,0.5430138193404145,795
5404,0.42518424884245964,374
5405,0.4295302233353845,571
5406,0.8012852496296087,343
5407,0.8291022596055094,586
5408,0.944770300160008,390
5409,0.1874960511661108,86
5410,0.021710568346860692,213
5411,0.12681418706906922,74
5412,0.3279020851020529,348
5413,0.3493582910495626,247
5414,0.7647956588578523,188
5415,0.6375580441477346,104
5416,0.5573472212793266,649
5417,0.5295459378819474,781
5418,0.045420399152868995,289
5419,0.5088697005560642,512
5420,0.72211324243554,374
5421,0.9406937906824243,400
5422,0.5414686252499687,207
5423,0.6944426655435888,218
5424,0.5421919251072458,426
5425,0.6527279513558871,93
5426,0.46329932947452357,449
5427,0.8043696325117161,403
5428,0.5092844611764873,259
5429,0.6218806378415989,137
5430,0.7966354748804072,392
5431,0.44115011568158913,373
5432,0.18574916210061254,222
5433,0.47178325962998713,168
5434,0.8303346472574148,110
5435,0.1416316404746365,206
5436,0.5536929642313271,55
5437,0.2928326298439541,235
5438,0.19200355036241112,174
5439,0.4086843513512769,202
5440,0.17827999139025674,757
5441,0.0362059388163517,295
5442,0.10462836940086329,135
5443,0.911580714084734,304
5444,0.10813096915385745,227
5445,0.6086304632408985,141
5446,0.3324520458803468,226
5447,0.8081703436357226,553
5448,0.5378399129285051,238
5449,0.0671244115191908,392
5450,0.7791816011424626,364
5451,0.24387026720518856,351
5452,0.7947603091157992,274
5453,0.7823109747987708,260
5454,0.011865955035470055,436
5455,0.3226696084463032,421
5456,0.7292457841619174,554
5457,0.5627617719771851,158
5458,0.780770123753963,463
5459,0.6155021681983526,81
5460,0.9768902731792394,159
5461,0.028203570525542676,137
5462,0.5855190837850754,346
5463,0.6453816980231836,462
5464,0.41406751940913167,170
5465,0.4190574543984573,228
5466,0.8945535241917609,135
5467,0.6467439284483439,208
5468,0.3806043577418383,139
5469,0.5450240551362989,488
5470,0.8689084298506314,447
5471,0.8226473913376866,216
5472,0.2865491845489675,483
5473,0.552838134160623,155
5474,0.41070755579128526,1033
5475,0.5036486272423267,259
5476,0.41424221888612356,196
5477,0.3832015352715573,253
5478,0.3558020200524423,120
5479,0.3875373803356159,188
5480,0.6352455825421309,230
5481,0.8967112974728098,281
5482,0.5269571697618954,252
5483,0.5992542211184388,291
5484,0.24269821871802466,246
5485,0.530809698486617,417
5486,0.41497109531701326,370
5487,0.4488795302276254,287
5488,0.327199255879007,331
5489,0.8361952801314999,141
5490,0.2703772816324814,273
5491,0.7778398330960573,308
5492,0.07857404761410114,252
5493,0.22161351877754543,613
5494,0.4143928627904887,312
5495,0.7273188686216632,299
5496,0.8920774377486002,364
5497,0.03669706661834127,183
5498,0.3457157457804544,409
5499,0.7920126444068389,391
5500,0.6859155987986524,265
5501,0.7438423330145342,87
5502,0.6159715031235563,329
5503,0.5347662672996357,300
5504,0.053304714441615,95
5505,0.5729102900018549,108
5506,0.5720077437954527,273
5507,0.6670729337921731,270
5508,0.035065427944289906,89
5509,0.38639850080041627,95
5510,0.6261338693613991,274
5511,0.8344503977473365,249
5512,0.44033987725585977,766
5513,0.7805260900862473,114
5514,0.5638860376134442,514
5515,0.01618022422339427,606
5516,0.3468258887413733,345
5517,0.22858572237949804,307
5518,0.04198367468701558,232
5519,0.27503372651731106,552
5520,0.9307991033239448,120
5521,0.5058675083245411,258
5522,0.6984945374533955,126
5523,0.8853936673413241,557
5524,0.1866667571120506,490
5525,0.4624284040556157,230
5526,0.3971171979633722,456
5527,0.6535325670365302,523
5528,0.9045414171205357,322
5529,0.7296507521183611,574
5530,0.8451480008261143,523
5531,0.7311247127579835,224
5532,0.2879524274874561,713
5533,0.39145964753683204,258
5534,0.07913947929107212,549
5535,0.5764110364650675,28
5536,0.7883217911467475,203
5537,0.5201837009139156,213
5538,0.9062389988817927,273
5539,0.3355427268202589,152
5540,0.030888328984174818,142
5541,0.43289560887930534,525
5542,0.06859207274130996,300
5543,0.2438340701003623,480
5544,0.4202173903514319,205
5545,0.44368514010019744,319
5546,0.25939948285403536,297
5547,0.5956630200300708,353
5548,0.3276568071581558,208
5549,0.8056453470991248,89
5550,0.6984572721563088,94
5551,0.9751539869800324,778
5552,0.6457509074235352,190
5553,0.02659792863014565,909
5554,0.9031492687979537,168
5555,0.7930791367058856,449
5556,0.42112675111826536,404
5557,0.6147970302518545,141
5558,0.8194659367401544,390
5559,0.3548355363069712,326
5560,0.7001801230475099,175
5561,0.5802642701989257,262
5562,0.341543681135851,306
5563,0.3484996856840765,192
5564,0.7090475867040971,324
5565,0.8020783406108529,524
5566,0.4365286309901616,256
5567,0.5680971835685967,269
5568,0.9113295602843734,191
5569,0.9570985415348919,81
5570,0.005301368665959094,128
5571,0.09128014886948832,866
5572,0.46767966342547285,309
5573,0.14177593595935967,906
5574,0.3670422687685453,311
5575,0.3624988797478297,347
5576,0.2699205035718626,343
5577,0.12599827209692582,575
5578,0.8060524872804588,371
5579,0.2764992001249824,310
5580,0.8466917563252292,199
5581,0.1116699872573067,393
5582,0.8909018258698687,481
5583,0.802357452754085,280
5584,0.058341274983806146,400
5585,0.16736477583204,76
5586,0.7571922812048028,725
5587,0.944602869627791,244
5588,0.5822618169321128,161
5589,0.952321621751425,155
5590,0.7345430643832838,326
5591,0.2735462587516261,578
5592,0.7114108534735366,337
5593,0.9087580538388899,247
5594,0.3802101579405932,101
5595,0.6428069993282665,147
5596,0.5272085490156783,427
5597,0.6620002156930138,365
5598,0.9252879061719007,177
5599,0.7553531013381098,262
5600,0.9251599368589036,483
5601,0.1964760778173379,224
5602,0.3382555014652747,259
5603,0.065090217530542,329
5604,0.17100777381281262,235
5605,0.920973235579965,423
5606,0.51434209415677,173
5607,0.9436768661867844,190
5608,0.07451106092969828,905
5609,0.5630697087760245,306
5610,0.8580722481530264,288
5611,0.8774387441517179,167
5612,0.5069742215684495,147
5613,0.21400351070768453,301
5614,0.9633144279987669,722
5615,0.6756961782197423,122
5616,0.5454807688148474,288
5617,0.890291559907292,170
5618,0.8569218068085731,980
5619,0.6912017462813405,343
5620,0.6164099017539433,122
5621,0.9476807289609064,288
5622,0.1254270870832611,88
5623,0.14831753312446494,151
5624,0.2001588941985023,53
5625,0.6438047163022178,375
5626,0.341455289211837,340
5627,0.5529515963345206,378
5628,0.4724573627309959,98
5629,0.128495742295066,252
5630,0.1952055280079894,152
5631,0.9156615595808678,278
5632,0.6232134237030743,111
5633,0.8601810718455006,287
5634,0.5026442247450057,550
5635,0.7535528224099666,168
5636,0.8811472647688176,162
5637,0.9958541420179948,304
5638,0.07754814914926567,173
5639,0.974996040967884,382
5640,0.2904913294267992,147
5641,0.30480821230194255,238
5642,0.07116071659949363,186
5643,0.6139344610660824,603
5644,0.5744390876127189,563
5645,0.6810337713307678,282
5646,0.7845054300413935,443
5647,0.09840108889181653,226
5648,0.010280830137989194,1133
5649,0.8880954655621539,264
5650,0.25491152943564355,133
5651,0.49220964141206824,251
5652,0.705042811527299,422
5653,0.8292293946665619,310
5654,0.31810193040350965,423
5655,0.961866990804576,610
5656,0.5111793763990259,357
5657,0.8385497266666904,353
5658,0.8760424144407128,423
5659,0.7170330136678533,1311
5660,0.2681094646013147,232
5661,0.8475643168579364,137
5662,0.6194543261697432,682
5663,0.8565759367343884,702
5664,0.9649614095117098,206
5665,0.2783695878443928,325
5666,0.7341538734819277,286
5667,0.19594280780645157,177
5668,0.008893769536800988,561
5669,0.5775204542258581,898
5670,0.168230520891271,297
5671,0.7528811351879989,175
5672,0.44586016613997326,302
5673,0.22048945140831344,239
5674,0.9390169907031704,405
5675,0.9004008066421015,143
5676,0.3647411224369086,139
5677,0.6095797863194063,367
5678,0.294156311998631,1188
5679,0.8482307775048609,386
5680,0.14012719612903968,155
5681,0.6678659300236286,272
5682,0.19796849982299336,480
5683,0.5764788099876449,262
5684,0.47395972196240854,322
5685,0.2145007168156685,443
5686,0.8126768353397908,90
5687,0.39793551386783343,380
5688,0.5464095195557099,809
5689,0.9296869720962488,543
5690,0.14851813260598756,186
5691,0.12694513786377448,223
5692,0.1394842474207163,116
5693,0.9421952393727526,245
5694,0.1646067590466741,165
5695,0.734571445270504,356
5696,0.8807444355870726,250
5697,0.37262716516979233,144
5698,0.783689903137698,481
5699,0.33925431910162174,432
5700,0.06740723019458095,274
5701,0.5843999420398407,321
5702,0.4819757204907883,174
5703,0.1656675722448263,190
5704,0.8526998385272376,244
5705,0.2910019814021243,657
5706,0.48094779196319803,491
5707,0.08015158810551926,546
5708,0.01433295321883632,426
5709,0.7279583331952967,167
5710,0.35909074103336347,675
5711,0.3099490024952949,230
5712,0.1964715581510298,536
5713,0.7690417428712514,378
5714,0.021443036814820626,603
5715,0.12505864033645486,308
5716,0.08624186826958546,275
5717,0.5733000552158936,105
5718,0.05788581551283489,137
5719,0.2357825167273382,417
5720,0.32788277832362034,685
5721,0.7415292173704855,449
5722,0.12429094225733117,611
5723,0.20164758714222397,190
5724,0.20864413228275813,331
5725,0.028275195885422932,297
5726,0.6690699764213777,108
5727,0.8468244766205257,109
5728,0.2653444863347715,185
5729,0.9563259715415903,392
5730,0.7896695022690667,678
5731,0.7052061808211011,486
5732,0.9954929792798404,314
5733,0.8688989176697041,390
5734,0.09705251166161,446
5735,0.8094956924410692,419
5736,0.7292716854830996,263
5737,0.74307741951905,204
5738,0.48164709413025875,610
5739,0.9454294478768668,421
5740,0.13293154829173592,346
5741,0.5107612265772173,328
5742,0.7124541215475898,182
5743,0.18097048332746657,338
5744,0.9397354108873571,394
5745,0.665329884855105,647
5746,0.7733098976308443,69
5747,0.27497624831284706,281
5748,0.699799464365516,230
5749,0.9168900297743476,222
5750,0.11005738550161936,290
5751,0.14163287257858537,605
5752,0.8988538834939603,458
5753,0.118813174164624,170
5754,0.9337654512302059,114
5755,0.6383340229594655,214
5756,0.028320569871543744,355
5757,0.7687740474004677,304
5758,0.2714451233552906,44
5759,0.7365198878155435,569
5760,0.47254556183966545,61
5761,0.7177875181696877,563
5762,0.232941353931577,208
5763,0.16148504879207526,279
5764,0.5269053975981557,302
5765,0.706887244602662,169
5766,0.06406286968205266,364
5767,0.44948632264678945,89
5768,0.22477569081250448,235
5769,0.36507284186866207,327
5770,0.7195536630241579,588
5771,0.30736883087740674,210
5772,0.6122543722612207,253
5773,0.3481207053893123,636
5774,0.014588162557519047,161
5775,0.637037795819751,266
5776,0.8556450525772468,430
5777,0.032652195131859574,243
5778,0.4286788837083739,353
5779,0.41179220778160364,248
5780,0.7262772689774526,457
5781,0.5551508381896899,384
5782,0.45015069006932995,329
5783,0.5134433060144233,416
5784,0.40924894663517986,471
5785,0.13415515917701482,444
5786,0.983622778628184,183
5787,0.8813559730934815,337
5788,0.2510722270437332,722
5789,0.30085676051165033,636
5790,0.745085598448115,512
5791,0.8900988579090943,37
5792,0.4922251229113188,546
5793,0.4603224810743519,143
5794,0.9934173048836628,155
5795,0.046392301305583805,127
5796,0.01075093398845095,476
5797,0.43860302438236953,472
5798,0.9411221856019323,264
5799,0.30052536022943854,194
5800,0.8480079860732626,196
5801,0.642842189967615,1101
5802,0.4923026778330295,185
5803,0.7062609088660092,345
5804,0.8007880966877648,359
5805,0.4339015364214198,470
5806,0.948783572081635,498
5807,0.14449879509597907,177
5808,0.44399996954915255,212
5809,0.830218841832625,425
5810,0.6501180133335425,450
5811,0.746538011769662,225
5812,0.8563085542532373,253
5813,0.6469711698488301,337
5814,0.71077218056015,344
5815,0.8676889408078948,164
5816,0.3637068677372429,387
5817,0.8028049708415566,86
5818,0.9280783255983742,1176
5819,0.9383727962531492,346
5820,0.8576882654120722,262
5821,0.03400086271869984,430
5822,0.6502722469335027,543
5823,0.2518086697221854,383
5824,0.44736530111594974,324
5825,0.8870925421606057,419
5826,0.5423957964852543,334
5827,0.823221210155196,159
5828,0.5617563855911288,146
5829,0.41281854344973734,574
5830,0.6981700197053765,287
5831,0.47120274943189144,526
5832,0.03383241830130368,562
5833,0.7212270405714923,82
5834,0.4278569333192517,156
5835,0.570001764892769,557
5836,0.473278559878497,164
5837,0.28940654792380094,195
5838,0.37942303426125346,501
5839,0.01872430354351673,334
5840,0.4832795301585685,421
5841,0.7814598204307599,164
5842,0.5997678200707798,167
5843,0.03879313482143232,721
5844,0.8287924449404531,236
5845,0.9552192680911258,203
5846,0.13699311402805214,239
5847,9.84077270079764e-05,545
5848,0.39450155629768147,109
5849,0.02066778714399964,196
5850,0.584815769994787,202
5851,0.580910135855259,128
5852,0.9055393987016843,269
5853,0.1139229659923412,501
5854,0.42983933150688836,573
5855,0.4275974652772221,379
5856,0.6331531847732211,312
5857,0.4349191570055718,174
5858,0.034916937655675495,90
5859,0.4118503959860049,185
5860,0.9860155652906586,358
5861,0.7802506391044963,183
5862,0.17095370521612352,436
5863,0.4918406259240792,600
5864,0.3910014280602365,163
5865,0.7602970904886482,424
5866,0.21696513363357572,291
5867,0.41249746866911685,109
5868,0.06553790678997962,331
5869,0.6689204210142314,362
5870,0.3669251844854643,513
5871,0.7558548317355026,624
5872,0.11944475436543689,242
5873,0.7371552013690514,63
5874,0.9717595153934518,496
5875,0.6010686896712294,181
5876,0.9128116561503741,222
5877,0.3672757393698176,318
5878,0.8242969892027678,229
5879,0.5669634826755027,445
5880,0.7172036655133598,559
5881,0.863629900604238,416
5882,0.417708425277697,221
5883,0.5225054821040738,596
5884,0.797507643959998,428
5885,0.497586414006037,521
5886,0.04798010040757983,346
5887,0.6870063289471317,178
5888,0.7175604066711184,388
5889,0.8081697864545986,402
5890,0.6944304377778944,190
5891,0.5358484835497748,1228
5892,0.11191267904449631,731
5893,0.06855934902679561,414
5894,0.4591875996242607,302
5895,0.3647394388594919,285
5896,0.6660108466836341,247
5897,0.4420721834688838,369
5898,0.7095093406557971,248
5899,0.6346448830907112,355
5900,0.6690214450515667,164
5901,0.1523333262924521,267
5902,0.9824296852402328,419
5903,0.6713312421835773,262
5904,0.720274774476114,357
5905,0.3892177815029303,88
5906,0.7266510472935711,249
5907,0.5536214165689485,592
5908,0.08476914670985791,190
5909,0.2454709904532073,256
5910,0.782957986462101,308
5911,0.7918287255633868,146
5912,0.8940315031783375,302
5913,0.102596829168347,128
5914,0.1831825316094814,899
5915,0.5664726821086765,599
5916,0.29536885494461307,781
5917,0.546421851453604,652
5918,0.45918917996768305,85
5919,0.6805075562042615,440
5920,0.51891478235838,366
5921,0.8876107987665341,331
5922,0.5321417655897228,154
5923,0.289987258353979,180
5924,0.813589793669471,60
5925,0.17123396003803637,494
5926,0.38205745491477616,122
5927,0.5353705707129213,213
5928,0.710979523464036,208
5929,0.5182472809991239,200
5930,0.08682328309534615,222
5931,0.659500376120807,133
5932,0.8309710665811179,299
5933,0.17684476322768494,353
5934,0.39627576306205414,350
5935,0.8646614236950753,401
5936,0.32738153448106333,574
5937,0.37162113529354124,263
5938,0.8055516241866926,595
5939,0.22259787534608666,124
5940,0.33420828648024314,87
5941,0.241265560205705,306
5942,0.12213478152960688,337
5943,0.44083661006376074,359
5944,0.7147791411314692,722
5945,0.8090189344889893,512
5946,0.1715187717604053,308
5947,0.639321496414864,275
5948,0.35634978964348707,257
5949,0.9908824117216491,376
5950,0.23954995418968927,400
5951,0.27092645770192325,324
5952,0.4660151687252233,314
5953,0.6312883496094894,164
5954,0.13611848039840635,503
5955,0.8707865729514283,168
5956,0.9201653673885096,292
5957,0.6530556748733795,251
5958,0.2128571871883177,523
5959,0.38585644401634434,191
5960,0.23071691757491297,532
5961,0.5693695571467036,284
5962,0.3971124522143008,184
5963,0.8281289580500011,167
5964,0.6272687839282992,294
5965,0.6984973384819433,272
5966,0.11757066834317365,190
5967,0.15056896131752306,286
5968,0.2053679338135066,201
5969,0.7230067921442683,167
5970,0.6057923938541209,200
5971,0.9098295799834388,1227
5972,0.03436453719811716,398
5973,0.6240911729369586,263
5974,0.7727715878001216,133
5975,0.8812663311928179,518
5976,0.20796905926416265,186
5977,0.6008743827709284,238
5978,0.05660870776183957,579
5979,0.16235029233110942,498
5980,0.44850701130226167,860
5981,0.8572231458985835,846
5982,0.9402188196823326,380
5983,0.7286085358945279,1132
5984,0.9000585112398584,153
5985,0.4313928220535954,399
5986,0.3622152400771145,589
5987,0.5494615372612262,303
5988,0.3527550954799492,108
5989,0.7633798269799922,207
5990,0.30871077943411307,307
5991,0.08287579676862167,204
5992,0.5033159701177172,314
5993,0.644242046873527,339
5994,0.23380745046554763,121
5995,0.81502769955547,273
5996,0.9426060278384503,282
5997,0.96511844600262,295
5998,0.10316741844586508,296
5999,0.5523357144431308,188
6000,0.4172840541844437,135
6001,0.7201394340482996,955
6002,0.10161248774653842,382
6003,0.812755156936237,297
6004,0.02242239337982932,171
6005,0.07407209242078816,312
6006,0.6528520316282364,279
6007,0.8558453444960733,139
6008,0.4395544610954367,269
6009,0.19543904869641626,201
6010,0.8926220015119932,287
6011,0.5199203626514288,531
6012,0.30804230018094547,90
6013,0.98326140650614,256
6014,0.8217352327791002,240
6015,0.2505690807734453,176
6016,0.8504135883219852,343
6017,0.6382086940053329,69
6018,0.6439495846085056,349
6019,0.3136816886133189,516
6020,0.9370298389130848,566
6021,0.26080807407128404,422
6022,0.06929746363414824,1082
6023,0.32811985974981617,327
6024,0.5965117352754349,199
6025,0.5897217524615095,309
6026,0.5729451088891551,230
6027,0.9291499339717597,390
6028,0.08542258035465344,299
6029,0.03258294906318693,310
6030,0.1600358484652208,263
6031,0.8587717589115996,430
6032,0.08522590655011919,112
6033,0.18693029261216365,349
6034,0.5018429064490284,444
6035,0.4030305639140338,223
6036,0.7552487722524212,226
6037,0.49423443918637666,470
6038,0.17636597557910683,400
6039,0.5472402603030837,163
6040,0.6624850268183679,191
6041,0.3775654875477511,461
6042,0.5525633766914742,483
6043,0.018102358673125374,190
6044,0.9552097482392613,430
6045,0.03808063093276459,18
6046,0.39548275231232843,175
6047,0.18895880579948277,442
6048,0.7838562537331779,168
6049,0.32471131793198404,130
6050,0.07975160197336095,610
6051,0.10770699439680542,460
6052,0.16375681855480084,414
6053,0.6447304869905828,989
6054,0.3198002858329052,54
6055,0.44822437144823957,439
6056,0.7735663716266782,559
6057,0.2559126263441741,694
6058,0.7300162989841409,454
6059,0.7874901944698501,253
6060,0.7009718603924916,403
6061,0.8743112382956731,309
6062,0.41582752683813173,255
6063,0.21513411847122876,355
6064,0.8915144874139662,199
6065,0.8819367019619624,349
6066,0.774746960993146,274
6067,0.6380122270681187,361
6068,0.1879784464839881,296
6069,0.6723783745715691,163
6070,0.5476590389617306,197
6071,0.3233364209891916,63
6072,0.2845497043276144,244
6073,0.8259495917813906,897
6074,0.4114908297818676,174
6075,0.05131197529676579,163
6076,0.9702430129346752,316
6077,0.4293849337282285,482
6078,0.9204511191438263,282
6079,0.19928406044766223,360
6080,0.38363315274606646,268
6081,0.4033025468578002,214
6082,0.14917893995506104,617
6083,0.17833380222853878,477
6084,0.7623524294016804,496
6085,0.5406485868738944,289
6086,0.9081695190619362,114
6087,0.4159467312725441,643
6088,0.12874396135456478,386
6089,0.7250908527263862,485
6090,0.8793196332672623,424
6091,0.5726180662903705,114
6092,0.26309544219736625,911
6093,0.6214296802192458,333
6094,0.2480287827879899,566
6095,0.1602244412852607,198
6096,0.3600773850401917,209
6097,0.31565387987789917,1178
6098,0.4567544749616834,330
6099,0.09808646735341786,960
6100,0.22536541837203417,500
6101,0.1593270259434142,159
6102,0.1467071406255459,469
6103,0.807800668530069,395
6104,0.955801976216092,434
6105,0.0022769097772893376,320
6106,0.9086464307896293,269
6107,0.028141755771927568,178
6108,0.4475881117306302,623
6109,0.32838370282738705,222
6110,0.36148330666129014,160
6111,0.8650174286608577,362
6112,0.8936646671132059,187
6113,0.4536450032559447,382
6114,0.7029690595294148,229
6115,0.0158095529973461,91
6116,0.7301405887463505,301
6117,0.32050914510635853,173
6118,0.2725482079427509,1000
6119,0.5802577834303949,169
6120,0.7011785296682099,1069
6121,0.19224398712422852,216
6122,0.485627926625097,340
6123,0.9247647306355984,444
6124,0.9304015072988592,206
6125,0.8630326405616845,336
6126,0.712551645209536,432
6127,0.3947594896969562,246
6128,0.9852391511094734,156
6129,0.4181325143234511,1121
6130,0.2673825056629304,124
6131,0.09441442259496036,80
6132,0.5608295259848664,240
6133,0.03103316945414003,578
6134,0.55702588694226,327
6135,0.19444858328362113,543
6136,0.045107288300039516,524
6137,0.6253400755364952,484
6138,0.7719910728845485,174
6139,0.03979541001159037,873
6140,0.7468349424289787,443
6141,0.22365989621205506,229
6142,0.470775295216473,197
6143,0.28817471489854973,232
6144,0.7543742077423297,20
6145,0.7868731646577231,239
6146,0.0951525748980574,226
6147,0.8349507262975764,340
6148,0.8336627485972719,415
6149,0.07428377922003637,471
6150,0.27928944077588846,698
6151,0.4895010869667168,433
6152,0.7150868989122622,435
6153,0.3229987779596972,337
6154,0.12460474515870545,133
6155,0.10094606529345851,377
6156,0.21970902705199857,120
6157,0.4262567003546952,168
6158,0.6833445323174389,722
6159,0.04743391104573824,554
6160,0.23014966429902362,336
6161,0.9216792970594433,149
6162,0.6720623924332841,207
6163,0.07441027283681534,792
6164,0.08903195040269918,301
6165,0.8615021829674842,186
6166,0.06236510702970166,144
6167,0.695981407324666,269
6168,0.632552745792351,424
6169,0.4043330748247773,189
6170,0.5000208451221848,301
6171,0.8274839084876439,318
6172,0.1943145986333623,146
6173,0.1642353478413372,469
6174,0.3656358702761098,143
6175,0.9043424713170326,504
6176,0.8960503889904072,233
6177,0.45231432245340364,482
6178,0.08965334405042025,288
6179,0.1929026379033777,272
6180,0.3455047307327114,278
6181,0.6623501996472336,236
6182,0.19204635104624546,243
6183,0.15938300117804405,579
6184,0.8639329739456365,296
6185,0.19567665413022228,1060
6186,0.5628107328908231,388
6187,0.3698926115387847,81
6188,0.27967518303475236,86
6189,0.9200226036361301,151
6190,0.20334848275827933,283
6191,0.016272472444427977,281
6192,0.6650679927675389,182
6193,0.9669545722498636,303
6194,0.11168731050933989,445
6195,0.34205694302643774,181
6196,0.08731026551140741,171
6197,0.9125530635551172,183
6198,0.4630865279792181,497
6199,0.632665790864344,381
6200,0.1705844837122159,287
6201,0.3052102086691595,147
6202,0.5571425427863484,281
6203,0.46677854416277986,647
6204,0.6110667606159481,206
6205,0.6785728953403147,347
6206,0.23192545303106915,108
6207,0.4553493698248411,139
6208,0.05803566548092409,346
6209,0.33629861731768085,112
6210,0.6539106134004782,254
6211,0.5139069337863855,552
6212,0.3164722000978255,605
6213,0.5181736493441373,649
6214,0.6184363362457062,77
6215,0.20781169759282092,337
6216,0.4023497532864776,144
6217,0.6587243494452694,1006
6218,0.5273247526071121,252
6219,0.5990770179058904,270
6220,0.22656807953736557,555
6221,0.7532406426441205,358
6222,0.15166884132523895,271
6223,0.24587738413664306,226
6224,0.804759201057667,229
6225,0.048005646382316636,243
6226,0.07756998253403546,239
6227,0.17586452586079415,192
6228,0.6588389962668788,180
6229,0.8588061506665263,257
6230,0.27884556739832966,131
6231,0.930352183811687,162
6232,0.5371734792694471,413
6233,0.7041349910629884,164
6234,0.9244153121190078,314
6235,0.06157823542884633,225
6236,0.4897457674423682,153
6237,0.6195567133500924,299
6238,0.03798720696458824,332
6239,0.13369905076482136,415
6240,0.9828680222381736,339
6241,0.2857711952057381,431
6242,0.9312928080734529,452
6243,0.23055413246421141,135
6244,0.7784829242476303,860
6245,0.15192418035242372,519
6246,0.09522095735131442,438
6247,0.9879601688240456,391
6248,0.5804615266841366,481
6249,0.7847736226001241,588
6250,0.1441034267110356,187
6251,0.6133567968206092,633
6252,0.7132456990880889,420
6253,0.7115467917586975,253
6254,0.09026874051699352,207
6255,0.7355379961600671,96
6256,0.30718364773391416,262
6257,0.27815777661656893,75
6258,0.03862961246228991,352
6259,0.5175686569086351,602
6260,0.5337654460270534,65
6261,0.6735702466452247,181
6262,0.2552398769522136,157
6263,0.8560797992150474,235
6264,0.10586932117343939,97
6265,0.5305465087498152,381
6266,0.3814621006101657,436
6267,0.4315591591699296,515
6268,0.2582225445192943,482
6269,0.5644431872990141,296
6270,0.9337302214981472,148
6271,0.6859432378981064,1157
6272,0.5613042698773952,315
6273,0.052739678922928745,276
6274,0.575670458910226,441
6275,0.5033718945836159,225
6276,0.7643909555733811,341
6277,0.8533241053413991,715
6278,0.44490827240639474,134
6279,0.7025604602177842,557
6280,0.3830716716396876,287
6281,0.14500997615662525,274
6282,0.8622900421812595,704
6283,0.9034904934285595,87
6284,0.23075276893949337,629
6285,0.6974199405386851,758
6286,0.4653846836958495,434
6287,0.6533219582193982,393
6288,0.6362056388578508,984
6289,0.3671900498418029,161
6290,0.9398989720655,289
6291,0.5876532772627995,91
6292,0.4473009718355031,378
6293,0.20848169498213331,717
6294,0.4327874255050843,502
6295,0.21882512307957558,533
6296,0.7262300719006788,213
6297,0.0703376445254491,356
6298,0.1770706361631238,272
6299,0.07326431949568701,536
6300,0.6245054333460057,346
6301,0.6698508304701503,548
6302,0.7989392853228618,113
6303,0.9761147254625614,133
6304,0.5889772727598344,269
6305,0.27629274152041927,173
6306,0.8289587818965934,313
6307,0.41897815521796766,128
6308,0.3985022556054053,129
6309,0.20079135362062928,467
6310,0.37506752299199897,461
6311,0.6433857507441185,101
6312,0.31632825864757264,259
6313,0.821138373731139,185
6314,0.6000096594345411,475
6315,0.2084894393881036,146
6316,0.04792602119783351,307
6317,0.9362840964458982,364
6318,0.4715680011204141,309
6319,0.29968508685963524,463
6320,0.07248090624769976,259
6321,0.02300404244627896,101
6322,0.9723727110437715,341
6323,0.08844144601791604,245
6324,0.04953413938168627,631
6325,0.26246830523757037,230
6326,0.10407447311812668,364
6327,0.4980620009850456,125
6328,0.7730087728120996,530
6329,0.1389324996295912,395
6330,0.2938119238440122,189
6331,0.7362923675142269,246
6332,0.790651272680852,249
6333,0.8046187345870507,65
6334,0.7440545256834488,194
6335,0.662170469545084,281
6336,0.7377840951792367,443
6337,0.7526112467053664,244
6338,0.8181080483920277,260
6339,0.8930356765159811,159
6340,0.09470369427767611,650
6341,0.8775219243268223,646
6342,0.7830040928732697,242
6343,0.8949653454070833,411
6344,0.8826641164890108,188
6345,0.8444681935103522,240
6346,0.4822775785110064,1076
6347,0.012210553574346306,345
6348,0.9901552923930221,429
6349,0.22387614694083313,447
6350,0.6226339792665768,283
6351,0.6154771143372813,141
6352,0.36108269811682625,123
6353,0.6844952775086162,341
6354,0.37153956727257686,517
6355,0.9171722814955657,279
6356,0.8779369246496169,363
6357,0.6703585193835806,370
6358,0.24627785941947,158
6359,0.3074700464302915,135
6360,0.727754078105848,487
6361,0.9981357074866247,179
6362,0.7920863745944614,460
6363,0.8803679195859438,232
6364,0.940405723325623,272
6365,0.09611942007419971,145
6366,0.16671509574692167,368
6367,0.3897627726784392,111
6368,0.12251804355473583,223
6369,0.4983579051536441,194
6370,0.8209357694940786,656
6371,0.9230747975421195,619
6372,0.17910369252013425,545
6373,0.6124060871420668,120
6374,0.19346028092222523,150
6375,0.6739986930700452,630
6376,0.24799747694574392,419
6377,0.11191076871115213,363
6378,0.5525761702138523,157
6379,0.3161069335601776,315
6380,0.7353420936376922,221
6381,0.9486725942454021,135
6382,0.2763243456571227,758
6383,0.6642120817874435,467
6384,0.5504723899597921,161
6385,0.07371948660749117,293
6386,0.5141495245957304,208
6387,0.07986833270054916,80
6388,0.35726890351150475,69
6389,0.10799160462981294,536
6390,0.7141534323615573,298
6391,0.3958255360001034,240
6392,0.5849220927274144,93
6393,0.6986111965553018,370
6394,0.9157943379237893,433
6395,0.38041456115787065,209
6396,0.6899424049789419,300
6397,0.7191529768446256,436
6398,0.08038429797723501,518
6399,0.5220113901915507,168
6400,0.3383095258786377,145
6401,0.49261509218976773,83
6402,0.6182824779661588,334
6403,0.23392638467201787,599
6404,0.5085089522466929,167
6405,0.2637745079597623,269
6406,0.7097464299819731,589
6407,0.6198578521952726,319
6408,0.5332061740682811,329
6409,0.7852254754770677,475
6410,0.5653963087982735,387
6411,0.18315434501875738,238
6412,0.23163081363284288,446
6413,0.6492207197758433,126
6414,0.42879977991833473,182
6415,0.0931580344410673,175
6416,0.15280202615023208,635
6417,0.6268788926637524,551
6418,0.06685944097643948,503
6419,0.6952521354603886,199
6420,0.943299383807409,496
6421,0.30465438241874165,323
6422,0.9006448593638207,121
6423,0.5099911214108807,673
6424,0.4291110138043015,259
6425,0.5223954287389764,316
6426,0.32909918979942576,308
6427,0.019294012055534937,113
6428,0.6114778291101156,298
6429,0.5722252608145569,396
6430,0.5165111447130405,251
6431,0.3231556886014466,111
6432,0.3776834018670392,216
6433,0.03166558539758091,234
6434,0.39148967824454683,363
6435,0.2519455576720526,369
6436,0.524380365378571,454
6437,0.004076115188675344,856
6438,0.1277601556713226,349
6439,0.27136242849523873,773
6440,0.3649797405953733,299
6441,0.3152079107158866,173
6442,0.4941013329844517,164
6443,0.9225774136404307,533
6444,0.5638461408213773,319
6445,0.26793414980409713,223
6446,0.1635658235006746,207
6447,0.5398425161269631,390
6448,0.5532425499742196,215
6449,0.06997322371838033,131
6450,0.39969044286458455,202
6451,0.9681662757415578,228
6452,0.8281133220807203,264
6453,0.785153177280024,144
6454,0.0813615294858211,148
6455,0.9198124380826807,316
6456,0.45491244210275594,92
6457,0.23174027695275257,398
6458,0.47465423432169085,450
6459,0.1727412459437444,247
6460,0.6529010848942268,254
6461,0.4662356501033722,86
6462,0.6495657429404045,287
6463,0.9524092274626088,636
6464,0.8960515259294979,271
6465,0.8177690377363163,252
6466,0.7279993104140106,100
6467,0.84634803076709,63
6468,0.12203624817124792,281
6469,0.4620686058392047,325
6470,0.9996045670531788,120
6471,0.22153271988618117,367
6472,0.8454048356362909,287
6473,0.2295509623302462,150
6474,0.6548095385788348,452
6475,0.865849312020895,263
6476,0.514117733927395,583
6477,0.9863909309610918,209
6478,0.4632867665431216,167
6479,0.43591356768607403,214
6480,0.9296416215555714,288
6481,0.42514795699037944,307
6482,0.46546499442325917,1107
6483,0.359028598968138,286
6484,0.9061084597821264,244
6485,0.965174112783193,405
6486,0.1747152671877814,127
6487,0.8646915614214592,117
6488,0.9176951225464315,168
6489,0.27219560936062126,264
6490,0.6554412814853164,488
6491,0.4417310596469364,918
6492,0.6627550052187025,168
6493,0.37175839809167144,831
6494,0.37726668350565795,824
6495,0.6937685472008083,896
6496,0.370611956607762,287
6497,0.4995589726079638,139
6498,0.5377853561466145,658
6499,0.7881764054826607,232
6500,0.5453048905937012,249
6501,0.8361443925207789,328
6502,0.18474284546197994,259
6503,0.27784823011345183,306
6504,0.06430875426394922,743
6505,0.030641504663870944,253
6506,0.9156226043289183,551
6507,0.8385711067077581,363
6508,0.46309748291016384,123
6509,0.9290437272761828,131
6510,0.7380011456988071,208
6511,0.5609146810561239,237
6512,0.7900536546247052,104
6513,0.11894899749317245,127
6514,0.7045624032243991,175
6515,0.9014760770853497,408
6516,0.5283240368254314,754
6517,0.7809490051357736,118
6518,0.9205616485958567,349
6519,0.867807431189816,468
6520,0.1768792387498993,375
6521,0.6962128367008832,323
6522,0.7674450226728895,304
6523,0.25642490373389504,156
6524,0.335912553574074,378
6525,0.2133020442086111,104
6526,0.5335811526748641,291
6527,0.2921542915316262,383
6528,0.4430173319741256,327
6529,0.2784732375247374,268
6530,0.5142261235110992,547
6531,0.4213993876320411,281
6532,0.8215487098858636,306
6533,0.8390549990946176,102
6534,0.8176541231398121,240
6535,0.4285277680783641,158
6536,0.6036323367717477,185
6537,0.05089327415512812,162
6538,0.43608119581169325,363
6539,0.447094733668037,99
6540,0.5933199539249926,450
6541,0.1927690809954843,320
6542,0.0008824928137762811,356
6543,0.12091720051240584,533
6544,0.2832941406121845,167
6545,0.775259133953236,157
6546,0.15940827045343553,392
6547,0.32212108814524376,262
6548,0.13066564246722823,200
6549,0.8092123141270533,95
6550,0.26750559704997046,149
6551,0.5841751378072081,399
6552,0.35624858406595583,274
6553,0.1899712638812031,203
6554,0.6264881180796856,47
6555,0.15288440827279026,80
6556,0.8240286309794622,90
6557,0.46231022138224986,331
6558,0.870831023459691,850
6559,0.664288712614345,273
6560,0.19956063477764807,399
6561,0.6710160808127587,875
6562,0.695397821956124,143
6563,0.87530805841546,316
6564,0.8127025189048305,461
6565,0.49310674266079235,155
6566,0.3323871977815066,213
6567,0.3010200294206913,328
6568,0.8833513808216559,79
6569,0.5955021927338554,158
6570,0.5971940851193175,310
6571,0.5284552559501369,333
6572,0.16920168946924496,632
6573,0.933193894904004,525
6574,0.8927144600335212,240
6575,0.6931478921083063,232
6576,0.9280460502571846,263
6577,0.42921815656440787,192
6578,0.3005165656290004,266
6579,0.9629302896405154,314
6580,0.886629263467888,378
6581,0.6789305452357134,292
6582,0.7855125607496654,493
6583,0.721822889361897,214
6584,0.29649027394405947,347
6585,0.8930679318930307,282
6586,0.5588974524521688,258
6587,0.010997485003950147,238
6588,0.40588476636897575,785
6589,0.5785662861274952,354
6590,0.07281055906069545,334
6591,0.4024874533291618,387
6592,0.6210491667413373,265
6593,0.8814390239781535,156
6594,0.2222631602866103,714
6595,0.4235948488013319,158
6596,0.7884300414165709,161
6597,0.5368662342602311,494
6598,0.9732788921127543,419
6599,0.5375718002659604,155
6600,0.7552980154834303,187
6601,0.2059102991219075,171
6602,0.04558058504347051,210
6603,0.37325546476312976,493
6604,0.8055695895801616,219
6605,0.06462919554170454,477
6606,0.8568211907167894,106
6607,0.3191301862860718,142
6608,0.7097934771312209,180
6609,0.6871492091337945,333
6610,0.08205603188356592,166
6611,0.44907321485286866,427
6612,0.8240977346794007,292
6613,0.5749016304250295,269
6614,0.9552351003989407,569
6615,0.21002962336607855,155
6616,0.5780921351062623,251
6617,0.03243627644348979,217
6618,0.9115761872297253,86
6619,0.13841765966743658,252
6620,0.005615645750219778,338
6621,0.5835169535478232,418
6622,0.5029058596614924,188
6623,0.03580812734254146,104
6624,0.7684518237848712,167
6625,0.039901293933281345,282
6626,0.946178895705628,379
6627,0.14888274360874731,203
6628,0.677759009400817,280
6629,0.11735804930075833,449
6630,0.35512473640949604,269
6631,0.21276154030911631,365
6632,0.31322731116155444,318
6633,0.11998058632313524,108
6634,0.522460042611913,64
6635,0.7477311335944362,127
6636,0.5505886569541213,750
6637,0.44799476354164336,518
6638,0.5404792870078575,240
6639,0.6945362100643183,357
6640,0.26522102557121763,95
6641,0.4314933046777847,181
6642,0.03229182905441663,147
6643,0.006417582528562504,548
6644,0.9488037305240344,102
6645,0.4500419939494251,778
6646,0.710868780005851,389
6647,0.047455346434691736,592
6648,0.2338130812633158,252
6649,0.47829179317786386,300
6650,0.3461653358484318,105
6651,0.3742605797636327,416
6652,0.15772806267663764,328
6653,0.8019831328097958,180
6654,0.8156067468289826,353
6655,0.6528786464870001,418
6656,0.8668392004834278,238
6657,0.840158610310067,273
6658,0.10286455874242784,143
6659,0.29148714519699925,682
6660,0.45107290163218505,415
6661,0.46558831064358086,315
6662,0.3675851952594381,406
6663,0.8521191765168772,518
6664,0.396073425433365,145
6665,0.9520828970615091,79
6666,0.981487225232389,142
6667,0.9831324636375784,753
6668,0.9303698536730859,257
6669,0.15297288904141726,178
6670,0.7178780857723108,352
6671,0.0352280607142913,382
6672,0.16707425191266023,627
6673,0.6656557346848528,229
6674,0.5609861245170592,332
6675,0.4286594343490666,414
6676,0.09296024776164924,377
6677,0.15595182865621038,279
6678,0.43181168492742694,350
6679,0.262513285066286,131
6680,0.39448308627765083,234
6681,0.7434218459074472,494
6682,0.18312567762049148,302
6683,0.7641821318695224,486
6684,0.2795057873989437,409
6685,0.14508415592888302,298
6686,0.8958351256491983,558
6687,0.5001272589766017,230
6688,0.23414755910950114,231
6689,0.6784887289669984,160
6690,0.8540335599942648,228
6691,0.41229458202745395,257
6692,0.6240198028385646,155
6693,0.9020782165525266,827
6694,0.09043769727216555,446
6695,0.6167651568699387,124
6696,0.8184969539567308,400
6697,0.743282357158882,101
6698,0.9159822117916825,142
6699,0.48025460344139304,384
6700,0.37453784054049044,253
6701,0.1849114792618758,688
6702,0.9854196024505287,338
6703,0.5339657875187304,156
6704,0.042644681572618914,377
6705,0.6509071062693159,244
6706,0.11743047320417155,156
6707,0.19885995844500215,693
6708,0.40811846845242084,906
6709,0.4738964495873925,529
6710,0.7211906263915281,181
6711,0.6328537171879245,118
6712,0.6176827539084687,371
6713,0.05315512692948743,366
6714,0.6668609592839797,375
6715,0.8881029431611472,511
6716,0.5165499027073618,321
6717,0.8995385562819345,231
6718,0.45063745266747424,247
6719,0.42410079570081627,231
6720,0.47304876469344537,194
6721,0.5042863252598418,136
6722,0.607707953412309,366
6723,0.33221695609672663,319
6724,0.14496959820085342,323
6725,0.42234030514368404,493
6726,0.7013144379624815,128
6727,0.1804765850496961,598
6728,0.08154863496376641,141
6729,0.974128903250755,441
6730,0.423186544295878,158
6731,0.8600341732921761,270
6732,0.5125571241344732,358
6733,0.9804892145842412,500
6734,0.3530190280393358,829
6735,0.2275681707914886,204
6736,0.6154013602162982,230
6737,0.9426629574608466,170
6738,0.6008021359853282,688
6739,0.34873108145161613,555
6740,0.8994237157268841,323
6741,0.12801355548585103,269
6742,0.0049875618123637055,578
6743,0.32079739522732076,618
6744,0.9308050026952539,415
6745,0.5608081024426992,108
6746,0.7722009547978494,276
6747,0.4570110351942437,442
6748,0.7808685420232475,308
6749,0.8279890663671572,147
6750,0.560219854808235,385
6751,0.3757783301026464,850
6752,0.20038197043346084,133
6753,0.643970878351524,165
6754,0.6952225300230404,204
6755,0.027786604621879207,78
6756,0.5608013502082998,206
6757,0.4656218016227365,408
6758,0.36831921489484987,118
6759,0.043396012437172615,308
6760,0.47245222104610274,199
6761,0.36626414866012325,652
6762,0.0013649776759341314,288
6763,0.4370111388062441,314
6764,0.21695520045334127,120
6765,0.6736776082264547,804
6766,0.3339032542051624,410
6767,0.5325182605827713,304
6768,0.16732656660468948,667
6769,0.4071856196723057,299
6770,0.12333879383894253,319
6771,0.5469783546184666,263
6772,0.37154890956059994,467
6773,0.9846939616512411,411
6774,0.04606227573646671,758
6775,0.20637893019283282,526
6776,0.9046092168341175,226
6777,0.14761592628278697,164
6778,0.5366100507435542,298
6779,0.3652641357599452,224
6780,0.08923623981174089,557
6781,0.23715969649040347,197
6782,0.8560527270952587,202
6783,0.41457791261889365,245
6784,0.3071114725547748,119
6785,0.821768171551341,295
6786,0.09703912063523035,594
6787,0.035999296474345854,147
6788,0.006613076806879947,286
6789,0.800727086241725,133
6790,0.6714524043850212,567
6791,0.6796573562484148,253
6792,0.436627971189808,222
6793,0.2502679364424204,665
6794,0.06133609489974268,282
6795,0.3541376867531374,82
6796,0.40303906897926267,1129
6797,0.8380506650616485,530
6798,0.22744122017704504,213
6799,0.6920296141185648,185
6800,0.46386146715137044,275
6801,0.16589519222054083,616
6802,0.4175265450125544,100
6803,0.41553570246682525,296
6804,0.5713073696276303,858
6805,0.23892673404610654,387
6806,0.07918741441429256,717
6807,0.030168136977669846,269
6808,0.4303165083409215,390
6809,0.8751453303943343,101
6810,0.5188591279530645,307
6811,0.9292733867670573,211
6812,0.14427650153779203,61
6813,0.7879899607913826,154
6814,0.9215256031887563,648
6815,0.5559655135768565,252
6816,0.043370409324792414,217
6817,0.4406493241668832,118
6818,0.7231522116434845,370
6819,0.891044405185898,382
6820,0.9903979299465818,396
6821,0.38477878148067124,827
6822,0.44480502225686547,177
6823,0.574329922345368,354
6824,0.04446936757947051,206
6825,0.6268181294062672,25
6826,0.971959624457224,425
6827,0.4014183232490589,194
6828,0.5502934857971306,227
6829,0.03365269369696844,139
6830,0.6943499254434209,315
6831,0.05739207321715123,324
6832,0.8812830877784472,306
6833,0.3248101995351532,205
6834,0.15855357095843092,449
6835,0.48787150748325014,138
6836,0.23993323078350837,578
6837,0.25020666814533143,304
6838,0.8669199719644708,188
6839,0.05810102294514563,366
6840,0.730036707156186,304
6841,0.4353041690838101,67
6842,0.9063077586533144,209
6843,0.6479455891018591,286
6844,0.008485101079449109,437
6845,0.7715733187102201,370
6846,0.8792076740346307,413
6847,0.8441081342672044,583
6848,0.012553367339131927,391
6849,0.9497945903566051,175
6850,0.5558749980817745,384
6851,0.30954785307984656,89
6852,0.08178234604013468,98
6853,0.1919878660050377,220
6854,0.8744609130698299,469
6855,0.6037203951050103,130
6856,0.7802488782961701,321
6857,0.2895792971502824,597
6858,0.4999151729973983,115
6859,0.30135647196663207,219
6860,0.9055345673908917,130
6861,0.6831029187460448,756
6862,0.26600878333665834,447
6863,0.6856919584570983,328
6864,0.8383291048384629,238
6865,0.3319675388033486,530
6866,0.42326117302909083,299
6867,0.032970378462953476,174
6868,0.2828219405497119,558
6869,0.6267313777946114,159
6870,0.25716668657705855,273
6871,0.11481763207714335,511
6872,0.1278857026700253,172
6873,0.8497305153011895,335
6874,0.7659282024699806,405
6875,0.19138980819146656,175
6876,0.14519641524750693,332
6877,0.9176243012051781,164
6878,0.7909349606704057,210
6879,0.6920200355819628,453
6880,0.5198416495366518,588
6881,0.5748391388909776,188
6882,0.1471985148281011,109
6883,0.7064080459227592,144
6884,0.5504720662138832,102
6885,0.3592837159746771,345
6886,0.48682608582493436,389
6887,0.1717990772137118,192
6888,0.7607639851371424,80
6889,0.5664575829919337,131
6890,0.6223127893147713,669
6891,0.6500174756620765,142
6892,0.42901797947395737,284
6893,0.12366626225429755,521
6894,0.9747171827242042,263
6895,0.8760540184734112,482
6896,0.9640139904263196,84
6897,0.3893505417279647,444
6898,0.08583184826486923,621
6899,0.5042218031311865,320
6900,0.957980462246876,405
6901,0.4062085843846234,238
6902,0.2968291199452562,211
6903,0.9941031506463955,408
6904,0.4247238133950223,44
6905,0.5518542442242769,415
6906,0.15743057459638798,218
6907,0.08295500748485063,407
6908,0.315062332317245,68
6909,0.7721754858899924,496
6910,0.25256045033330243,105
6911,0.58454288798641,909
6912,0.007726684085438751,91
6913,0.2284253285733705,283
6914,0.012051618101708295,510
6915,0.6079647148437097,136
6916,0.8912781435413857,92
6917,0.19404751703596324,799
6918,0.3430717277289692,232
6919,0.8824202754934808,150
6920,0.9849611270522645,661
6921,0.8401285588267507,1100
6922,0.693520897360724,198
6923,0.9210882982860982,365
6924,0.28273518215868443,188
6925,0.3957218188181545,149
6926,0.9465401635647678,355
6927,0.8607412195782906,434
6928,0.9195777949682978,421
6929,0.48961297417437866,41
6930,0.14270224654618413,992
6931,0.8572354665443406,497
6932,0.1502122001710814,422
6933,0.9562218123209795,215
6934,0.09441994918965624,395
6935,0.7784764402224298,278
6936,0.5998102236704228,165
6937,0.10261793168214328,490
6938,0.360246468441234,130
6939,0.7733453336268231,359
6940,0.6831838424171479,174
6941,0.395867294444191,287
6942,0.7898358502438165,817
6943,0.90877956070474,186
6944,0.6808161396671469,211
6945,0.8804052683365761,242
6946,0.6719608683681912,265
6947,0.2168229912745473,568
6948,0.018848810949493977,470
6949,0.42603022580087835,200
6950,0.40861669972248915,314
6951,0.1445193155075969,412
6952,0.1269732440789314,181
6953,0.0685312904823625,226
6954,0.5326268894945408,175
6955,0.4104702850503118,391
6956,0.43278389126140715,886
6957,0.39178855245311783,280
6958,0.9133695697394203,439
6959,0.9475941912645005,146
6960,0.8261753176041512,189
6961,0.41678164653075944,103
6962,0.5743656429700686,254
6963,0.8267194836061951,193
6964,0.4462971802667691,172
6965,0.4362808352181091,123
6966,0.6162096286912025,323
6967,0.5933848236037312,385
6968,0.6259052045310111,264
6969,0.09253204798904058,698
6970,0.6095965490226251,229
6971,0.4049886228981211,270
6972,0.8652347780648622,218
6973,0.6756207237672318,493
6974,0.3162934818087596,378
6975,0.0661254840673905,135
6976,0.6175753304713975,83
6977,0.756922310752075,97
6978,0.23130758900764725,340
6979,0.4172518658487725,165
6980,0.13334215377155056,203
6981,0.8898379476527127,562
6982,0.920643262716937,531
6983,0.4229059180214578,441
6984,0.20457694277596128,351
6985,0.5802184907412228,257
6986,0.9631447433134204,362
6987,0.834021531677745,183
6988,0.5738944065687748,235
6989,0.611771800264994,216
6990,0.0004891052678072105,120
6991,0.34590831503605546,455
6992,0.05411323713921934,542
6993,0.3286527953560653,327
6994,0.7578590212091664,246
6995,0.7037619283308639,247
6996,0.6707709489701447,568
6997,0.25556781988456645,187
6998,0.6845332057323279,486
6999,0.5517063701829239,130
7000,0.2117883591212697,257
7001,0.05986839911034725,329
7002,0.9423906158143059,520
7003,0.5598156581260325,352
7004,0.05110578500783336,641
7005,0.8151750604519538,372
7006,0.04301554447353728,415
7007,0.050077654541235694,291
7008,0.2520810892242116,256
7009,0.7708823853009672,307
7010,0.9204987087713922,133
7011,0.5686302559762416,480
7012,0.02125800794782229,85
7013,0.0630050736685196,101
7014,0.9598629000802993,222
7015,0.4971587783013367,265
7016,0.32145949331301193,329
7017,0.6372832197988255,403
7018,0.48898030829951666,188
7019,0.7456705730123917,402
7020,0.4255185733984508,370
7021,0.38252587696707796,257
7022,0.926006228454867,270
7023,0.20190037475824774,228
7024,0.012102268608882527,269
7025,0.9044145301138042,155
7026,0.08598594197501497,686
7027,0.13452321695406821,217
7028,0.6440526975474081,161
7029,0.8608923793361246,118
7030,0.3285006474011618,252
7031,0.8383553535773596,525
7032,0.975164927027739,412
7033,0.7412840308195269,296
7034,0.6031377955723228,142
7035,0.9222415864114493,172
7036,0.7454261162841597,212
7037,0.8527563736625247,579
7038,0.6681764785595578,379
7039,0.3809409608254801,232
7040,0.9386931921093783,200
7041,0.38648756862554956,165
7042,0.6319462701550446,325
7043,0.27915304588791223,671
7044,0.8457241395294319,251
7045,0.16494377329508525,640
7046,0.7390035285778164,412
7047,0.43098045777210525,185
7048,0.9448354502017529,280
7049,0.1314406025042978,219
7050,0.5612961957783024,376
7051,0.35762408330235207,333
7052,0.7366325201092625,181
7053,0.49988000918460596,497
7054,0.20186688777957595,353
7055,0.7112584331755627,226
7056,0.1724717094499566,284
7057,0.4942933122823968,305
7058,0.10134163221205195,188
7059,0.5979683845818821,503
7060,0.4038340886943125,504
7061,0.40756818857694377,259
7062,0.08172648267282168,83
7063,0.06767641596203278,333
7064,0.7388387137611843,126
7065,0.7385404809018534,267
7066,0.08577718720628225,311
7067,0.8243409704864875,160
7068,0.7145548196407588,997
7069,0.4140179717346143,883
7070,0.45965885996168465,409
7071,0.5036119921670018,136
7072,0.5958137262594866,173
7073,0.8770336246039312,278
7074,0.9498601400367183,262
7075,0.6607174591429064,177
7076,0.14018053950084863,119
7077,0.05191734166884154,322
7078,0.5254110772081332,201
7079,0.6020611281319692,473
7080,0.028154143301161727,192
7081,0.24769230370381745,230
7082,0.0025999605679263293,646
7083,0.895148631443301,212
7084,0.7708266884942042,295
7085,0.8710940198692145,370
7086,0.3220324582542804,111
7087,0.05982818311421123,477
7088,0.6732318128659289,244
7089,0.7839093863545877,813
7090,0.7381610977215978,388
7091,0.9956410488292321,655
7092,0.594233257421145,408
7093,0.68112024561249,288
7094,0.1141470081134589,346
7095,0.8021017836773342,208
7096,0.9927755914763762,528
7097,0.5449461046538068,273
7098,0.03443650891551975,461
7099,0.19151538837254323,401
7100,0.9677745406705717,407
7101,0.5913854950120032,286
7102,0.9794521500407604,383
7103,0.30766385965042486,134
7104,0.30533655518260916,242
7105,0.13663133835733632,496
7106,0.9202812359919089,111
7107,0.594428285163097,318
7108,0.4459141812211934,95
7109,0.3042190817518059,492
7110,0.02086844227594964,505
7111,0.19389680014278543,234
7112,0.7164314148445204,205
7113,0.6188771373046683,202
7114,0.3697841286947504,194
7115,0.01362005024987245,204
7116,0.3483195149205647,218
7117,0.8077289584627579,261
7118,0.7733830475722596,544
7119,0.8247246395794052,385
7120,0.5162762818243937,221
7121,0.02120509116713487,158
7122,0.04925676863600448,123
7123,0.8442036610115973,206
7124,0.54850568948764,140
7125,0.2749356879844994,410
7126,0.12370407380366344,374
7127,0.004172807026370906,131
7128,0.39937033487363927,198
7129,0.4256324035821969,353
7130,0.04644307521991775,449
7131,0.7397437967436181,290
7132,0.4239190030664981,437
7133,0.15957893754179897,231
7134,0.892606114319924,352
7135,0.8546987445448561,446
7136,0.03235769510701436,299
7137,0.3886544504181796,229
7138,0.7860924512431763,341
7139,0.7029061789440292,560
7140,0.6073122365357352,284
7141,0.47793099858305743,186
7142,0.22253682371686145,93
7143,0.04448817457699894,295
7144,0.6983842759952867,576
7145,0.34191238989563577,345
7146,0.4820787272242595,47
7147,0.5822262903711481,107
7148,0.09174427676948627,316
7149,0.18362795361419904,290
7150,0.3785101324952844,432
7151,0.8646416964000937,625
7152,0.34395174416290886,223
7153,0.5295420274515876,473
7154,0.28984141100059924,184
7155,0.3772831877505477,416
7156,0.4084098650062863,442
7157,0.7382891630793074,199
7158,0.9032242216341433,399
7159,0.9449833702995446,585
7160,0.07790871070991034,400
7161,0.19312558255274503,126
7162,0.7176188491943277,131
7163,0.6674663374557447,194
7164,0.8888752605335801,351
7165,0.5938465936381427,181
7166,0.012654210071255001,412
7167,0.2841281231947572,283
7168,0.576648224697608,222
7169,0.5739415191240284,505
7170,0.6889267594816637,163
7171,0.6039747297785288,320
7172,0.43866046113319845,499
7173,0.25591250041282054,248
7174,0.04091348713485665,171
7175,0.42817879495348865,241
7176,0.702549954407222,469
7177,0.271364194765228,511
7178,0.8082693484355296,259
7179,0.6149336554585875,708
7180,0.8539570734083103,166
7181,0.7681120434479616,347
7182,0.3087614766534925,168
7183,0.13489523194200126,63
7184,0.20443786008475417,360
7185,0.48993437914574334,302
7186,0.647714063944928,168
7187,0.6906588377430521,270
7188,0.10670478167119557,606
7189,0.0718317126764072,610
7190,0.1974994456849365,431
7191,0.6341609323986273,202
7192,0.21911862277307936,274
7193,0.45329958245377444,201
7194,0.3033256222280697,235
7195,0.8713441692106502,397
7196,0.37274702951656236,374
7197,0.6844443406615459,334
7198,0.42584708788697134,281
7199,0.1292937726115465,359
7200,0.4257559250575649,539
7201,0.23252641639324456,236
7202,0.4965741059196853,681
7203,0.9911945660748869,593
7204,0.3093586600705439,240
7205,0.07715066700902196,657
7206,0.03993951326454859,353
7207,0.4845721764809766,279
7208,0.717434686120563,1642
7209,0.4360983430480051,242
7210,0.28426062908576644,53
7211,0.16877182630345866,308
7212,0.9744070053312607,687
7213,0.694934832431616,397
7214,0.5328675178005897,357
7215,0.4353336294909217,561
7216,0.9624247227206686,174
7217,0.7660101066663325,403
7218,0.9418040299276366,429
7219,0.385177648694653,502
7220,0.8816316866133624,439
7221,0.5031951415320884,172
7222,0.19885714087922146,73
7223,0.554021844970457,216
7224,0.37413477490714164,266
7225,0.39322313483504745,412
7226,0.6728470609486326,196
7227,0.4339785740280804,142
7228,0.5281780851947517,100
7229,0.11566376134274636,473
7230,0.3218380132679164,640
7231,0.652420694091237,572
7232,0.24784303620703996,348
7233,0.12752067641573883,198
7234,0.4379808440319758,187
7235,0.957525377610848,253
7236,0.4890855129236419,220
7237,0.7127204389159806,239
7238,0.6499918121892828,319
7239,0.0777944905071506,157
7240,0.16121634298911625,649
7241,0.9118061204245222,213
7242,0.582652736885295,577
7243,0.15357416869066653,219
7244,0.631601623054554,345
7245,0.2072136313196653,284
7246,0.9720484280037224,59
7247,0.918374583064981,238
7248,0.008384921435185988,78
7249,0.5222187212184173,182
7250,0.2841835994635331,353
7251,0.7568054841471102,665
7252,0.9518056982074925,295
7253,0.681125048990021,653
7254,0.40505753582409587,279
7255,0.5057941517008806,355
7256,0.3305861395069273,297
7257,0.2861769024538482,396
7258,0.1726621948684881,176
7259,0.27026483524332756,215
7260,0.0025624804308392868,91
7261,0.06739700783569291,618
7262,0.041447166926171675,106
7263,0.29103205850556546,525
7264,0.13106294477156955,229
7265,0.7955598457769882,548
7266,0.861183936223974,286
7267,0.0646028329671029,112
7268,0.08937989302789728,302
7269,0.1580167592924876,248
7270,0.11886026291876006,501
7271,0.7792646012619875,381
7272,0.32147454133696085,170
7273,0.5730669731031306,763
7274,0.4238161586453324,213
7275,0.46281679111548135,210
7276,0.47017914751946654,319
7277,0.09943905910170092,84
7278,0.266683601761051,402
7279,0.895460378209994,137
7280,0.23873371165048085,329
7281,0.10623573815386367,158
7282,0.041377396967765434,194
7283,0.03293399080911874,92
7284,0.409158986513404,183
7285,0.5535317793618749,186
7286,0.4477606507718107,742
7287,0.31401689308062775,527
7288,0.45615699384931707,121
7289,0.47954231092505883,550
7290,0.5126837796494799,216
7291,0.033407480844216075,604
7292,0.1334557007724464,145
7293,0.1393036266082539,298
7294,0.3529593114907783,139
7295,0.9469499095801236,361
7296,0.4315637011443666,288
7297,0.3229672565873599,204
7298,0.6832112061023033,269
7299,0.13493868959215882,224
7300,0.4881056444522197,400
7301,0.9899580880099584,536
7302,0.010135003301903645,550
7303,0.8626079276952986,113
7304,0.8231342217798763,242
7305,0.021736108390447373,499
7306,0.5901225719841047,73
7307,0.7449988944244453,1205
7308,0.19046022171931254,150
7309,0.8247151014729902,454
7310,0.7464150930238327,161
7311,0.4315786531506056,299
7312,0.29335129828619044,253
7313,0.9742490937620786,206
7314,0.3215848399330955,371
7315,0.1817345927042845,85
7316,0.12882221436450292,401
7317,0.46413222186041203,101
7318,0.6507281751970534,357
7319,0.9268585056830699,156
7320,0.07797223893655791,234
7321,0.7175963518814359,106
7322,0.47604530652498844,440
7323,0.07758406130481577,911
7324,0.7800455782954353,244
7325,0.5556801384435319,194
7326,0.07337594458422558,561
7327,0.37673113361598043,354
7328,0.7884510606823133,354
7329,0.2937671133324188,457
7330,0.46597854197125366,372
7331,0.8567257871057471,333
7332,0.9622770979667365,189
7333,0.3145539540724357,190
7334,0.7648649547793958,799
7335,0.7417766714180349,354
7336,0.517213900445305,410
7337,0.6036853621384295,556
7338,0.662521289297253,77
7339,0.480629381879333,128
7340,0.24941781519294492,409
7341,0.0016292207052527319,253
7342,0.9251071742188998,472
7343,0.8142842494838944,219
7344,0.27903379046403465,176
7345,0.06221489792298829,453
7346,0.42769701883242595,324
7347,0.534887195450364,404
7348,0.9129291150581453,498
7349,0.46501765880859647,193
7350,0.02496070600166589,149
7351,0.11125912795444115,121
7352,0.6404495357938924,279
7353,0.13007920617046342,214
7354,0.38902128308942363,283
7355,0.10854010114544621,496
7356,0.02629615294970533,620
7357,0.5135645350735172,344
7358,0.08642623302697194,1012
7359,0.6702335741276464,426
7360,0.19881059278225421,375
7361,0.5049601168886346,623
7362,0.3689609405232771,303
7363,0.5096114485649951,273
7364,0.3847285134706405,127
7365,0.5687785311221892,523
7366,0.8066359629731997,365
7367,0.33829406170172827,175
7368,0.2310457163822477,305
7369,0.10630368071098661,713
7370,0.8975389536375299,134
7371,0.0039546223142693515,279
7372,0.1244684842320003,819
7373,0.18192007297128776,208
7374,0.14559390192726096,476
7375,0.48197936945218156,134
7376,0.08977905300443911,447
7377,0.5988532773139209,155
7378,0.7611704064272651,200
7379,0.8313055149649334,229
7380,0.46291647472438446,121
7381,0.9879919147590444,124
7382,0.7958954515592812,231
7383,0.7736503326387384,232
7384,0.671725556912139,436
7385,0.09831386621010896,371
7386,0.7871848657514754,317
7387,0.5370258026891906,105
7388,0.030105855600951137,244
7389,0.2906006217677476,276
7390,0.08522956912038882,170
7391,0.2903967664909458,204
7392,0.5600471868087395,81
7393,0.4522153475514684,588
7394,0.48880313831072897,257
7395,0.19678959534449114,168
7396,0.14752203980331935,77
7397,0.78138534292676,314
7398,0.9697552787749129,253
7399,0.2960007736332946,166
7400,0.0614621539224538,83
7401,0.6188126842359318,235
7402,0.6488749286165231,113
7403,0.7739494186804631,411
7404,0.7945202052259321,278
7405,0.24108582031062065,289
7406,0.8629103514850487,257
7407,0.04930549775022053,274
7408,0.9819833877456655,707
7409,0.4218824705587665,190
7410,0.09866071703505841,260
7411,0.7980280321403646,452
7412,0.730020284083765,497
7413,0.9228676734991323,154
7414,0.3425805249117676,321
7415,0.09665813776076682,180
7416,0.8856981256132322,178
7417,0.4277704441552186,283
7418,0.9105487591129195,406
7419,0.7827472219433826,280
7420,0.1121662925699548,501
7421,0.9645040734455871,196
7422,0.9962874364427772,312
7423,0.6547880729904201,120
7424,0.09097530732870951,253
7425,0.5252940901797092,80
7426,0.0017885522529509368,466
7427,0.7509487270665742,274
7428,0.5965561280245536,174
7429,0.01931731192295616,354
7430,0.3213786464549254,238
7431,0.1667348574923263,361
7432,0.8122754821415483,376
7433,0.7180794227250893,211
7434,0.5354666148978898,184
7435,0.34738121558207957,271
7436,0.05919664235366018,165
7437,0.88540477285693,183
7438,0.8229595578368063,130
7439,0.7586351199317009,181
7440,0.009357255824822497,463
7441,0.735413447023027,275
7442,0.20331292167743797,286
7443,0.009953095729096972,274
7444,0.4675516552402462,81
7445,0.5272421283965314,108
7446,0.5939486377978702,362
7447,0.6842077173200962,599
7448,0.8014487203315411,311
7449,0.30741297845551707,373
7450,0.28096907430130036,212
7451,0.4298328986658614,1086
7452,0.6135703930709657,205
7453,0.8822648657383974,379
7454,0.4740895513480745,273
7455,0.1737090461608164,230
7456,0.08135186957562646,442
7457,0.8882012193722342,303
7458,0.09334510168414101,540
7459,0.595743180124657,190
7460,0.4666941869034994,587
7461,0.34333168899271227,102
7462,0.17623293809464147,348
7463,0.4562402203631323,154
7464,0.03484750818260507,336
7465,0.9320956224692382,187
7466,0.3483794947737481,432
7467,0.2206169131576433,90
7468,0.5500555611481144,654
7469,0.19010502335447066,184
7470,0.681551495257538,217
7471,0.6597846200989443,492
7472,0.6531506250959938,284
7473,0.41085234221901656,262
7474,0.3193668991508386,366
7475,0.5569177677605393,318
7476,0.09998245105872183,144
7477,0.1612112158541269,281
7478,0.9820109028373636,565
7479,0.7097870162748376,209
7480,0.9340830833205185,97
7481,0.09158754668054869,493
7482,0.4124347170948237,171
7483,0.061811345264730755,354
7484,0.5077390165569725,622
7485,0.35170547687091047,119
7486,0.9606742929344377,219
7487,0.12482595615207182,392
7488,0.11495884058131434,508
7489,0.5509205928453939,458
7490,0.40927024452565075,120
7491,0.536586074145842,79
7492,0.7597827399444285,239
7493,0.01028968254355389,186
7494,0.748281795564025,199
7495,0.9574475250428042,474
7496,0.29635096530236593,171
7497,0.5765156428141861,404
7498,0.8856019620482999,367
7499,0.6681687698056635,435
7500,0.7356274748881038,155
7501,0.31529802327666645,283
7502,0.611429103125254,990
7503,0.6285250208318909,183
7504,0.08155131169260299,139
7505,0.7548695353247007,217
7506,0.7363710886343989,162
7507,0.6010871186669388,255
7508,0.19783767747268477,602
7509,0.3367139142195038,310
7510,0.33772164856170894,203
7511,0.31268097440064835,259
7512,0.9301047460527088,229
7513,0.6899932372786369,278
7514,0.3651812457397552,622
7515,0.015150337595517982,350
7516,0.7554760906660246,323
7517,0.1719205601612035,175
7518,0.6382706275380695,291
7519,0.8007618764558896,411
7520,0.3044272057539613,508
7521,0.2430493603063062,389
7522,0.6505087209417622,800
7523,0.552218959290568,258
7524,0.8978649052061949,602
7525,0.8902185044808041,109
7526,0.6761451798330111,162
7527,0.6859994827130796,161
7528,0.3074457269252041,241
7529,0.7486283548655676,388
7530,0.7650394944758804,272
7531,0.41996978421790443,358
7532,0.25139359899009295,155
7533,0.9395070482440591,818
7534,0.7843224676727587,255
7535,0.7868768960514411,543
7536,0.09516850038404212,251
7537,0.548117668229884,633
7538,0.4920877679511946,146
7539,0.9918650138513186,542
7540,0.7167640175954109,181
7541,0.9158859154308562,197
7542,0.732167537814872,109
7543,0.6554009832887627,821
7544,0.6043675067667692,411
7545,0.6476698575252687,214
7546,0.6218722050105441,430
7547,0.9241453257565131,398
7548,0.1961237792859204,440
7549,0.960435702562827,272
7550,0.800385754879107,311
7551,0.39284343462075233,887
7552,0.3022795158476176,639
7553,0.016258864379974147,201
7554,0.1256113708207952,255
7555,0.6664187672807952,131
7556,0.32545068449027703,148
7557,0.7957142941053104,670
7558,0.9376091325176978,249
7559,0.39534221683103443,170
7560,0.7307671411397734,201
7561,0.3903833440607951,511
7562,0.8233452363387758,223
7563,0.22328255660949037,282
7564,0.554771580604613,192
7565,0.6358907682109287,248
7566,0.3942067287950737,131
7567,0.9988085984367183,220
7568,0.8552183683553181,323
7569,0.4505779767645368,332
7570,0.03881881022093947,455
7571,0.5450805945282597,366
7572,0.23406231646870979,635
7573,0.27800002573075444,302
7574,0.143201884062214,551
7575,0.6731040075091419,228
7576,0.09314898187602405,297
7577,0.06913039783488528,267
7578,0.1142155181404424,586
7579,0.8011883818416579,116
7580,0.6735613310801353,191
7581,0.7868556551714593,593
7582,0.6193937830122949,256
7583,0.6253684637632675,242
7584,0.8474482940693183,238
7585,0.168975555971689,479
7586,0.4080282529548679,256
7587,0.9251562476590776,173
7588,0.7011716930167868,877
7589,0.011762631641832777,255
7590,0.63342328694747,202
7591,0.8521301591331845,281
7592,0.18110505795188903,276
7593,0.5497040664503211,489
7594,0.7706723905236287,324
7595,0.11748918962720234,349
7596,0.05389507525118109,213
7597,0.49065642947176646,226
7598,0.4102334747100397,935
7599,0.7339860999615834,238
7600,0.9508317985552618,438
7601,0.34445120117328143,299
7602,0.12367993813747102,333
7603,0.278115745423131,425
7604,0.3738477940266356,696
7605,0.06638499223655958,206
7606,0.23330556420079263,73
7607,0.32652188680175775,196
7608,0.07718130596667871,252
7609,0.39314562221529137,167
7610,0.3126819055480957,484
7611,0.7920603158326505,354
7612,0.5407365749459242,237
7613,0.6889652086249585,623
7614,0.5273746391338984,474
7615,0.7430814241072484,288
7616,0.23889890090154964,311
7617,0.9116228529603349,162
7618,0.8665785355419755,265
7619,0.16686898363531832,219
7620,0.2607948716816607,409
7621,0.7471390100907884,181
7622,0.14860640820290327,398
7623,0.9756579987597961,66
7624,0.5075627881122957,556
7625,0.6610295619080461,551
7626,0.27157935429435986,489
7627,0.06817792730062056,256
7628,0.20677130814349998,669
7629,0.0012774937507699091,552
7630,0.31698744813011026,291
7631,0.37517174460992253,76
7632,0.7309136423874527,411
7633,0.9631567791015203,202
7634,0.4100565327894654,1002
7635,0.7679975984377705,307
7636,0.07441646572861749,307
7637,0.5282287046539489,394
7638,0.9015969597248651,89
7639,0.4090222436387838,272
7640,0.46164965395760016,479
7641,0.615769367527077,223
7642,0.5528919495203494,487
7643,0.7012546790132697,304
7644,0.4566002981972219,288
7645,0.7701972262201546,318
7646,0.43016414046185625,519
7647,0.8892974752281256,466
7648,0.39002842557165807,297
7649,0.14805295730601098,360
7650,0.8023267173889711,510
7651,0.22173019293100293,281
7652,0.6884689626737083,182
7653,0.022921136100390704,33
7654,0.6908451342294021,153
7655,0.408690045759568,269
7656,0.24992358952633142,221
7657,0.4862541445621319,292
7658,0.9655526513051412,322
7659,0.8322604548176121,121
7660,0.07600618423054728,194
7661,0.32450259518347047,369
7662,0.4474155549285358,245
7663,0.8193379703882834,448
7664,0.5259134296784936,268
7665,0.421167445066172,689
7666,0.1007610006951043,275
7667,0.32077509585432873,259
7668,0.7787947478494124,123
7669,0.5168663533930632,432
7670,0.717175986117785,451
7671,0.6942321688602069,257
7672,0.8177353673554397,265
7673,0.043243024416968145,291
7674,0.5342382625207893,243
7675,0.8916877339380411,248
7676,0.32658031574526314,406
7677,0.009475911403996506,364
7678,0.8455501140498143,271
7679,0.7210041198293182,167
7680,0.2832017510627314,273
7681,0.1490407023825706,322
7682,0.36370488524564326,104
7683,0.41495328039551305,625
7684,0.7910899033549524,113
7685,0.8193066765462346,320
7686,0.5017385789711413,167
7687,0.0955859955736379,671
7688,0.6431409556324368,385
7689,0.05965065875532105,462
7690,0.12969340804424045,296
7691,0.3979379088452284,142
7692,0.20645930903202658,507
7693,0.6753896176773742,157
7694,0.4773453983253144,116
7695,0.12183741492160305,85
7696,0.8605813138856221,249
7697,0.5602598677685963,205
7698,0.5000170321685709,109
7699,0.46595238098990144,720
7700,0.9609381833830267,193
7701,0.9162582060768125,178
7702,0.2994052709987871,185
7703,0.5133903759451696,108
7704,0.49690436311210007,593
7705,0.23220283017984833,229
7706,0.6332068477738075,548
7707,0.03496558575392217,223
7708,0.4700683731897417,253
7709,0.12729235411311646,758
7710,0.1040169628030645,366
7711,0.18091702582087643,244
7712,0.8034288229578767,369
7713,0.7896914253156007,104
7714,0.33277696705501825,361
7715,0.9151079093860597,249
7716,0.3326999321665359,351
7717,0.9204298772425927,406
7718,0.21366753464698307,179
7719,0.7705593946583458,249
7720,0.11719265593608263,191
7721,0.7991897307139976,180
7722,0.20769280284957947,99
7723,0.9147013045686879,219
7724,0.7693744841938351,317
7725,0.3256842444287923,189
7726,0.2466629370648904,139
7727,0.20677124001492297,183
7728,0.8902194304233656,405
7729,0.16120754277511096,353
7730,0.6867757795431126,100
7731,0.35115874458733987,258
7732,0.851411585918369,223
7733,0.9205811514514936,293
7734,0.8488599949581898,231
7735,0.20724658064291457,303
7736,0.5107757164836355,330
7737,0.07109969376374692,195
7738,0.7947399027045922,170
7739,0.6215440528169929,320
7740,0.9601643346592862,197
7741,0.41752632595669126,192
7742,0.7259723078719588,404
7743,0.9235269542816769,571
7744,0.5405120835297815,345
7745,0.49685456003790085,368
7746,0.23303834388361866,672
7747,0.8661483029770161,342
7748,0.03256283193851928,214
7749,0.30388435673462477,652
7750,0.24369334109438723,137
7751,0.714297276560378,630
7752,0.06577297810893334,49
7753,0.9277462173520981,511
7754,0.9894737748434994,205
7755,0.7790007051994001,260
7756,0.08042262355944363,322
7757,0.7478657749690942,363
7758,0.3475231942202506,153
7759,0.1243708206891011,278
7760,0.5903504891791082,221
7761,0.14051077062188888,285
7762,0.19981918748644978,400
7763,0.22951935771061327,176
7764,0.3156013762423159,386
7765,0.8124020034582052,197
7766,0.5124613956326551,293
7767,0.7165041889718762,43
7768,0.7194512688960715,376
7769,0.14152780739119064,477
7770,0.6797009886727771,400
7771,0.6288161139381645,990
7772,0.8129763434733237,292
7773,0.16049909521401218,359
7774,0.6712537800467717,295
7775,0.40847448638479955,164
7776,0.2459002667611142,860
7777,0.6774435249476287,640
7778,0.29188860360456137,95
7779,0.24336524125099301,112
7780,0.9283916629961334,585
7781,0.626480544884891,255
7782,0.9103432412996316,705
7783,0.235815055620076,470
7784,0.9601529966713965,191
7785,0.44557446946013857,307
7786,0.4389138285652614,166
7787,0.601985606949935,111
7788,0.7574117437516578,968
7789,0.0760577128741855,431
7790,0.44833268121914915,224
7791,0.9856252266330608,599
7792,0.18819645056765566,86
7793,0.47670544051660835,255
7794,0.7920185555660171,385
7795,0.591439507767931,299
7796,0.3049964769460808,228
7797,0.4831150558882833,266
7798,0.19942251884626205,192
7799,0.4083135803573058,100
7800,0.671760176492016,187
7801,0.6947203615893782,379
7802,0.09893308550146096,474
7803,0.3449315928321669,430
7804,0.4222166605877702,1107
7805,0.3028130226424577,156
7806,0.1866097216086119,689
7807,0.30021758372454743,104
7808,0.587320326436852,503
7809,0.2217315277570686,212
7810,0.6214373601259453,84
7811,0.35992364288197265,240
7812,0.3017806342535697,193
7813,0.02068569690284694,103
7814,0.5857506026618698,109
7815,0.9323955434972796,170
7816,0.23287355732823634,337
7817,0.5636311508939352,38
7818,0.010676515188349778,134
7819,0.08067627605673988,425
7820,0.8587359105114954,98
7821,0.6175878065809178,361
7822,0.13584458284540923,817
7823,0.7945270749131891,757
7824,0.06265587296215791,303
7825,0.6431799163032386,158
7826,0.08635502346480117,291
7827,0.11652405125832688,283
7828,0.34869587906613086,758
7829,0.06411902012829918,241
7830,0.7751281359066301,433
7831,0.7794610316925098,424
7832,0.26131297729570546,348
7833,0.4975743172115247,277
7834,0.3446260213602764,229
7835,0.664691540316214,138
7836,0.8374877439700215,292
7837,0.7527640895645771,307
7838,0.8682385994953782,125
7839,0.8714791905620645,326
7840,0.9861699977114774,619
7841,0.9353286959986231,157
7842,0.4790744917773657,130
7843,0.40539916612394755,264
7844,0.7137139825982938,726
7845,0.5225352695639287,150
7846,0.42220521506283004,429
7847,0.0801909079574682,406
7848,0.3837855008463198,262
7849,0.37084904487455084,427
7850,0.27776393180331316,320
7851,0.08117593592980776,215
7852,0.9186876292331585,271
7853,0.8261525366130829,1288
7854,0.48917357422124697,373
7855,0.5589490872466324,619
7856,0.9688535189955116,498
7857,0.43009860700243385,172
7858,0.7377384188846631,1142
7859,0.30553472910027935,184
7860,0.6441840621625502,227
7861,0.32069056159342446,121
7862,0.906799513190774,180
7863,0.3528023831793887,97
7864,0.1448599399459931,253
7865,0.08771687209987722,646
7866,0.45967026427114244,301
7867,0.8138044266544748,427
7868,0.42789178190360533,192
7869,0.6480018553392273,114
7870,0.8997454659103163,444
7871,0.5989801398550274,168
7872,0.054479654536627065,358
7873,0.4866717096341908,279
7874,0.6954477383635534,204
7875,0.7732764482787288,319
7876,0.3415418551357732,318
7877,0.7349205874541649,205
7878,0.04011674664128273,425
7879,0.783435356265205,296
7880,0.6873388695336331,199
7881,0.14520097948114052,170
7882,0.8538974711525423,300
7883,0.059700953293945314,1096
7884,0.13479861333432275,240
7885,0.7868529492097159,353
7886,0.08325827401100883,219
7887,0.5481787712694548,239
7888,0.950339162304585,167
7889,0.23705890255625184,191
7890,0.809573439365389,182
7891,0.717895735995236,29
7892,0.2301321280720261,161
7893,0.08001867419312503,159
7894,0.33494964892864865,620
7895,0.5326376113710459,847
7896,0.5815633016188153,236
7897,0.6922758500696777,273
7898,0.20479892826729929,157
7899,0.6889226994255156,498
7900,0.07404735255909378,485
7901,0.7232950744896338,414
7902,0.3266381214288516,588
7903,0.5036918776792916,384
7904,0.33145210389437707,597
7905,0.17756839267825453,209
7906,0.8921914125524364,111
7907,0.45862764966859815,280
7908,0.680041730000422,341
7909,0.2568584808370806,338
7910,0.4637339229827958,785
7911,0.6188436708089038,230
7912,0.7460232044472611,570
7913,0.7439162440165948,486
7914,0.18804287783113793,208
7915,0.4028960407148633,88
7916,0.6783673754170729,64
7917,0.36307225531691456,227
7918,0.060322502074303896,159
7919,0.31177264215214795,665
7920,0.2735772029784467,108
7921,0.3798020863003774,297
7922,0.6528582916320241,573
7923,0.54046318427661,223
7924,0.6150359181184396,641
7925,0.7202862654623413,110
7926,0.5545243743967206,396
7927,0.3078077060426634,160
7928,0.09751522328520013,895
7929,0.1652281010111637,303
7930,0.957073955573262,802
7931,0.31363078577227466,207
7932,0.318472623462863,506
7933,0.8891521906837132,263
7934,0.7190868741201828,276
7935,0.7593227859536533,64
7936,0.761471986759087,594
7937,0.37966580587391385,378
7938,0.5565603404447451,474
7939,0.376992745256178,213
7940,0.2050895798989456,273
7941,0.9004083129746422,105
7942,0.8383303100485523,82
7943,0.7601538475125499,256
7944,0.6455623002697833,645
7945,0.13019222245052897,415
7946,0.4030977469341035,637
7947,0.24652574964829232,396
7948,0.9666976314137716,456
7949,0.3101976552171395,330
7950,0.8570462804782703,587
7951,0.08240126077720289,303
7952,0.9782003164776519,545
7953,0.6945908444285219,190
7954,0.38093998117385597,351
7955,0.695682861576924,261
7956,0.32223698606409,488
7957,0.6619434447384341,1028
7958,0.7527208216055511,307
7959,0.3080426420134612,123
7960,0.3784521339625522,459
7961,0.472198349430632,263
7962,0.8460898125959251,899
7963,0.16560559984355228,205
7964,0.5315266433787187,258
7965,0.8483818817776346,166
7966,0.28301402983428803,152
7967,0.221525478140978,173
7968,0.33202050296832875,182
7969,0.9220413789733544,428
7970,0.8811569392254428,319
7971,0.3124375760800566,298
7972,0.32083237788581853,460
7973,0.2818747408713633,276
7974,0.5748725882896266,696
7975,0.22644733870124856,50
7976,0.8955758377491081,466
7977,0.3618119217203254,468
7978,0.24316840485063052,1188
7979,0.16963445334033078,427
7980,0.48671243870049674,483
7981,0.816321928470352,429
7982,0.45811535735301456,410
7983,0.4922850496090089,203
7984,0.6711974941970961,515
7985,0.0097862753580219,240
7986,0.38899439362390564,981
7987,0.45466508770423153,266
7988,0.9951803121114179,217
7989,0.14841504412326467,153
7990,0.3699279761637254,331
7991,0.9967798678932956,246
7992,0.15025243195827997,289
7993,0.269801527155592,239
7994,0.9167109777399746,177
7995,0.12088467181909335,70
7996,0.4139304780213504,141
7997,0.07582176260654039,150
7998,0.8600736237544098,499
7999,0.45416689948199207,242
8000,0.5787281023346346,305
8001,0.19939981127931972,280
8002,0.20498496173361813,81
8003,0.7426416411206597,224
8004,0.8417976999537082,356
8005,0.35095540802919445,519
8006,0.38832468535824016,200
8007,0.0002878616007546686,335
8008,0.9039463084672854,742
8009,0.04206811972308988,280
8010,0.17211964340995056,287
8011,0.4583799156030097,685
8012,0.5192756245476525,917
8013,0.7717972932804388,319
8014,0.416990585474871,867
8015,0.46349674547009845,436
8016,0.03061949798050767,321
8017,0.9376408258718318,551
8018,0.8294910276828781,446
8019,0.11483589485302703,540
8020,0.293141510720633,155
8021,0.047647610057885315,278
8022,0.2292246286081442,262
8023,0.3638563000813504,601
8024,0.27730085671394566,183
8025,0.16533902405292789,65
8026,0.7471583245991275,171
8027,0.7165396680833563,444
8028,0.9053512707881879,259
8029,0.799170358441426,290
8030,0.8123356161656139,603
8031,0.30958850596008725,520
8032,0.15579764512324068,784
8033,0.9578780836381039,288
8034,0.5889055649147856,131
8035,0.9550839140755482,143
8036,0.5486616557931978,369
8037,0.9989878488280131,342
8038,0.004580204341045224,333
8039,0.6065486740084229,162
8040,0.5916346594377856,238
8041,0.59527143718064,215
8042,0.6298712666522945,212
8043,0.32628517384177047,81
8044,0.6645611066587583,290
8045,0.725917311594095,188
8046,0.7710654790622614,814
8047,0.3083735923095112,465
8048,0.20765741504758395,83
8049,0.6093905568659845,228
8050,0.024088449768611575,280
8051,0.48579792158046997,204
8052,0.06751780050514355,174
8053,0.4642613097264717,627
8054,0.11980358350153719,374
8055,0.023570370759347314,386
8056,0.9228009933402603,396
8057,0.31436535700489143,486
8058,0.8854449267394942,626
8059,0.7287687030980322,172
8060,0.5348581198414496,316
8061,0.4796683865212795,506
8062,0.15734958926530884,128
8063,0.43152194235712626,184
8064,0.9369425562103046,80
8065,0.19385365437857727,193
8066,0.8355710067496315,215
8067,0.5820983515805802,45
8068,0.9461918331339034,455
8069,0.42655141262554397,558
8070,0.6372309272797929,535
8071,0.30885019109470135,269
8072,0.5413146429925871,179
8073,0.11507148869911987,98
8074,0.12053237408968465,422
8075,0.7632472261618225,154
8076,0.0971060883495608,382
8077,0.5156703985064122,319
8078,0.47900112358680025,325
8079,0.3546078852432104,268
8080,0.5950011271224692,645
8081,0.8122513978829872,136
8082,0.1753646898990533,407
8083,0.6496202252737102,459
8084,0.05155762822542065,206
8085,0.7317575922460929,139
8086,0.5637826533032072,247
8087,0.031046566436707557,376
8088,0.8431751168465984,520
8089,0.09817753525263195,91
8090,0.69125580221266,759
8091,0.3890646853031753,150
8092,0.2520713782491393,123
8093,0.7212788423010584,405
8094,0.8226430089818813,391
8095,0.04707404084293032,406
8096,0.36360187415107126,467
8097,0.4813954091838495,401
8098,0.11433572908224221,189
8099,0.04061081167315839,417
8100,0.9708302688217011,182
8101,0.066370840682342,226
8102,0.3027972889005369,467
8103,0.9597173589137501,464
8104,0.9413791307732171,207
8105,0.11389716620149715,158
8106,0.6530009001617304,576
8107,0.07896093183132735,288
8108,0.6607022473588008,251
8109,0.5950851816886071,158
8110,0.8759787420599938,336
8111,0.8621214203749524,783
8112,0.1517203040706101,206
8113,0.4835845252329598,299
8114,0.28762348962616,810
8115,0.10570397181376445,596
8116,0.6934598627111516,377
8117,0.9120414178713578,633
8118,0.3523299619928518,236
8119,0.2272361707857945,294
8120,0.9923664969251186,200
8121,0.29309958139585035,225
8122,0.8971693225538739,391
8123,0.24668660830715572,295
8124,0.6736933280996837,758
8125,0.6191538912925523,275
8126,0.99682443514489,272
8127,0.6067091615522603,240
8128,0.8461774065890694,636
8129,0.5950164988913688,262
8130,0.587962445252841,206
8131,0.1492685696925321,236
8132,0.014417000985174733,162
8133,0.19284270259392156,205
8134,0.064745186843437,352
8135,0.15705397425282697,225
8136,0.3264893168069729,214
8137,0.3041422787206788,415
8138,0.785442510274117,263
8139,0.5644209163339243,110
8140,0.2354444417029916,387
8141,0.17778567368874865,544
8142,0.2982672482341281,210
8143,0.7882590287654991,123
8144,0.8973526179528633,262
8145,0.36912638917894136,297
8146,0.9821823996304658,506
8147,0.12293381365568967,117
8148,0.9336341215577678,147
8149,0.8556507235392685,285
8150,0.25646696057948637,305
8151,0.39847518007325444,237
8152,0.6934130478474937,114
8153,0.8723059850912658,361
8154,0.7786630758976859,229
8155,0.5498126312932766,220
8156,0.8135249274593276,61
8157,0.5295548791651978,413
8158,0.5842277627144079,225
8159,0.3539001942426153,536
8160,0.9095589795266529,240
8161,0.10284355239563947,462
8162,0.7188343495449625,161
8163,0.7137018986511092,216
8164,0.4033338935922185,184
8165,0.5494627596351075,558
8166,0.8019647826750327,435
8167,0.6858925233313674,354
8168,0.1734703700639204,513
8169,0.3783235574451629,256
8170,0.0280260486197913,194
8171,0.2793976835961469,194
8172,0.7305315199763941,250
8173,0.7492231533942354,368
8174,0.7769484842910189,159
8175,0.30903951635758387,366
8176,0.4937131333417505,354
8177,0.6989119330286138,512
8178,0.7401068251785622,344
8179,0.0856431287232926,103
8180,0.20553908512029662,538
8181,0.8342639119720445,610
8182,0.5374151145120208,154
8183,0.031111758749365448,380
8184,0.7844529555813924,293
8185,0.7622407523004469,211
8186,0.18984831097320998,399
8187,0.9901105343110495,247
8188,0.4410748281776422,445
8189,0.6533852929342852,175
8190,0.9901082459303586,717
8191,0.7766804119507169,2030
8192,0.5560869422170992,397
8193,0.13105100591831276,194
8194,0.6292117096783995,682
8195,0.2710259496036015,278
8196,0.9635544183243386,350
8197,0.1707706856817368,623
8198,0.45504134721148204,190
8199,0.761830915134988,199
8200,0.12145604542713906,316
8201,0.573125362232928,135
8202,0.640924321664478,193
8203,0.25019150960155856,194
8204,0.9912392731276745,350
8205,0.1392937334819221,97
8206,0.6658835193742976,238
8207,0.989862154532047,318
8208,0.9456724591352652,341
8209,0.9498050238919371,118
8210,0.19587257265898605,356
8211,0.0061229533227254995,511
8212,0.6391528238776822,778
8213,0.7410781410633548,164
8214,0.8017157706893544,405
8215,0.6315847802734169,274
8216,0.04299851070018723,372
8217,0.8262335876480669,563
8218,0.6133061771168276,434
8219,0.2111812399870271,110
8220,0.894925630560816,480
8221,0.3214978434174761,719
8222,0.823455981829827,292
8223,0.6497460818433417,285
8224,0.539914968422495,376
8225,0.6651211720165779,470
8226,0.05223984406352211,1144
8227,0.7386036313911111,401
8228,0.9966110108235112,355
8229,0.4311179260339877,165
8230,0.37046204334780763,159
8231,0.7750350208798586,689
8232,0.6426516301696443,346
8233,0.6003651862000653,552
8234,0.25014173252482275,530
8235,0.993715912977149,244
8236,0.038060405744982706,169
8237,0.21247092935425105,386
8238,0.6990185780483666,569
8239,0.7346497526004655,287
8240,0.09357876409350585,74
8241,0.04937146212452048,531
8242,0.11137018129826226,335
8243,0.9518300782925573,923
8244,0.47063239797937484,329
8245,0.7162847418862264,655
8246,0.2643819131525039,634
8247,0.9240168028590595,322
8248,0.740920499699664,488
8249,0.00017249542078501268,138
8250,0.0936707861399303,124
8251,0.7259984682345838,92
8252,0.4393399754199466,512
8253,0.23625288686717627,518
8254,0.1440980004631427,349
8255,0.35134238173040755,208
8256,0.04699450617455492,124
8257,0.16791565973433042,424
8258,0.2518641486170068,1258
8259,0.5555997450958463,249
8260,0.8133754949838139,581
8261,0.23409018781948332,207
8262,0.4088991397376147,252
8263,0.1484425164837574,414
8264,0.31292704619545664,119
8265,0.13452951451454553,304
8266,0.8329255791191609,144
8267,0.6266039114138277,209
8268,0.9486982762056317,327
8269,0.15851033991263197,360
8270,0.8932412191426803,530
8271,0.9636516816453621,329
8272,0.17581924936226834,373
8273,0.9746933372470908,1142
8274,0.8223618175171489,175
8275,0.6078188707973384,260
8276,0.8420539111360023,195
8277,0.194385911528571,602
8278,0.32183624723006954,716
8279,0.7722170584770289,401
8280,0.4787299914781782,193
8281,0.342115227022725,122
8282,0.25063737604662983,602
8283,0.8177313635985066,194
8284,0.58222770389424,182
8285,0.958661998521558,316
8286,0.8494815455448779,739
8287,0.8058493281672785,370
8288,0.798095825576632,441
8289,0.8993085572855745,911
8290,0.7374205784976947,264
8291,0.8500778307995595,488
8292,0.3006128192753613,98
8293,0.9054461417710309,209
8294,0.6536813925042392,515
8295,0.20006329503052545,284
8296,0.5940184823107081,575
8297,0.16575419838313277,267
8298,0.3619611881021356,300
8299,0.12192211729495428,241
8300,0.33340943898904274,331
8301,0.7514055784543942,340
8302,0.16785535489128844,210
8303,0.12396071774947937,453
8304,0.09192791403644307,342
8305,0.952384934234848,327
8306,0.26502432748811133,629
8307,0.03469071322195172,379
8308,0.3853608519390793,163
8309,0.02771989640607908,224
8310,0.3266259516268699,607
8311,0.43712114460648555,135
8312,0.16201955355479214,181
8313,0.156963938325541,327
8314,0.5745221251219177,253
8315,0.621514452399261,179
8316,0.19094089444638718,116
8317,0.6279458090059203,610
8318,0.4351135643302845,321
8319,0.3511153693316509,1003
8320,0.5178770982408423,118
8321,0.6963655779483929,278
8322,0.0002753724108623956,91
8323,0.00447978295359186,251
8324,0.8985809326490448,78
8325,0.6754776947935436,342
8326,0.8211738667592549,312
8327,0.09046942470998831,73
8328,0.8112679609504743,232
8329,0.13667563622329537,219
8330,0.4658492281755371,774
8331,0.3401672354504739,150
8332,0.677782368265829,212
8333,0.24830326770422695,606
8334,0.7090341330878318,286
8335,0.3107554617181788,409
8336,0.8924947430118332,440
8337,0.7546197526856218,191
8338,0.9257834374248269,61
8339,0.478739169471153,63
8340,0.7487198143583559,287
8341,0.508522048535668,95
8342,0.7968193068903211,109
8343,0.4477145345511422,110
8344,0.57590746382927,198
8345,0.29806273475427125,1228
8346,0.9311404040725194,248
8347,0.5090961896271619,1082
8348,0.7492893791036139,274
8349,0.679990228149979,118
8350,0.10683381523374214,198
8351,0.675062608358704,596
8352,0.5798236206184609,354
8353,0.9190368299202352,608
8354,0.2413675674500546,269
8355,0.3109515859258919,295
8356,0.3145839708550997,337
8357,0.8404911640055156,156
8358,0.4996674267348764,364
8359,0.2661111990912227,138
8360,0.25935953594142436,288
8361,0.2186280340088822,428
8362,0.04369708227937075,265
8363,0.406229134072444,407
8364,0.24592520303278675,270
8365,0.7328401150035182,994
8366,0.20980302061133393,477
8367,0.20758116512297264,202
8368,0.4714228467838435,306
8369,0.6722752654892925,161
8370,0.14846137880138266,160
8371,0.6678478476850457,201
8372,0.053858919150505336,492
8373,0.443902553902102,266
8374,0.692714224894192,232
8375,0.6254934958107318,272
8376,0.2597921935385954,293
8377,0.5541377123424075,431
8378,0.806773705307542,549
8379,0.2676735819683381,256
8380,0.8159114272825904,268
8381,0.7624968968195056,321
8382,0.2921905081250994,464
8383,0.6042501020250743,115
8384,0.46542378417781616,231
8385,0.10115338921645478,206
8386,0.08558266750456778,455
8387,0.42332143727844296,107
8388,0.6783285323415053,451
8389,0.6223028564036666,309
8390,0.07407734834551294,527
8391,0.7655523691904924,365
8392,0.29369464787130684,473
8393,0.4948174922954872,273
8394,0.7290105444495281,199
8395,0.6597969122799363,622
8396,0.7191648057159093,137
8397,0.4010634835325544,166
8398,0.21209969993311506,683
8399,0.3612506018799151,545
8400,0.5581762631636623,91
8401,0.7671911753615444,178
8402,0.5547193048565008,164
8403,0.023688299392444323,860
8404,0.3471406629488756,95
8405,0.5131939609590115,474
8406,0.9156388606865158,1308
8407,0.7811210923408808,443
8408,0.4978278742855359,484
8409,0.33371563375726154,465
8410,0.9528848843330202,211
8411,0.18985095666797935,239
8412,0.8977695493565955,219
8413,0.5771447454904982,938
8414,0.9346638105423449,630
8415,0.68458558415413,255
8416,0.07900091030150058,160
8417,0.13335520310004823,186
8418,0.3013635561978547,599
8419,0.24852823935165724,158
8420,0.4817659399345051,340
8421,0.9180838030671806,180
8422,0.3953766400887325,478
8423,0.15766940331290802,342
8424,0.10468379607091882,236
8425,0.8298161853165817,67
8426,0.9039202601601496,275
8427,0.5699141313875827,151
8428,0.6189079809617802,368
8429,0.8239107722191088,590
8430,0.48206723451395583,195
8431,0.31595345018417986,370
8432,0.5280083973702883,344
8433,0.4341244020659305,414
8434,0.7514519160388509,200
8435,0.4052450828394596,360
8436,0.6965903689757013,314
8437,0.5817688305473556,238
8438,0.1622426975748691,214
8439,0.19860307222607343,240
8440,0.24270805658620187,343
8441,0.49228665449926723,287
8442,0.6434205856820153,448
8443,0.5240261445425588,646
8444,0.013494305996780587,299
8445,0.009680089949347992,586
8446,0.8045631164177045,407
8447,0.5328205438310065,286
8448,0.4207188614686733,231
8449,0.2283127711796008,264
8450,0.005486495762555776,459
8451,0.1650345591938729,91
8452,0.2325282954101212,239
8453,0.5115314696023365,329
8454,0.3784473292626437,84
8455,0.7767509905245261,261
8456,0.35050772402416,463
8457,0.5539300806300228,159
8458,0.9113622690588877,657
8459,0.5793229922033917,400
8460,0.4447856736420386,418
8461,0.7076226364444698,237
8462,0.42842295411933773,500
8463,0.20112067923822108,169
8464,0.5980608896756798,446
8465,0.5478251929876206,174
8466,0.2829692701358659,341
8467,0.8947507399675927,564
8468,0.5881050613812543,196
8469,0.08460997257687008,171
8470,0.11868375711691759,300
8471,0.1835786423613347,220
8472,0.44990151352040486,735
8473,0.6621298239125311,392
8474,0.030143340657353468,638
8475,0.3238957186545921,435
8476,0.6381721307979865,235
8477,0.9067425206764651,504
8478,0.9639792025039029,212
8479,0.41600961421922256,418
8480,0.4725901323733773,147
8481,0.08612976173382836,135
8482,0.3558573623118385,369
8483,0.8448889288757603,771
8484,0.9163368925338078,189
8485,0.33479016910612225,593
8486,0.8808968731465967,189
8487,0.5444284116964329,139
8488,0.14591636563182298,441
8489,0.2933137111041533,308
8490,0.6201810035462371,253
8491,0.1355661363702908,560
8492,0.9782948275519231,419
8493,0.46690168524945197,314
8494,0.029526678691510155,84
8495,0.005720871445648479,167
8496,0.3112907426881316,118
8497,0.5323526535519926,452
8498,0.6907235702308192,212
8499,0.7639611194195062,276
8500,0.7744447961396753,145
8501,0.01414801752990491,428
8502,0.10007163264153363,262
8503,0.6114521036667265,70
8504,0.6272003596017546,101
8505,0.8713699503526697,479
8506,0.27711781166209426,393
8507,0.4361179063167162,592
8508,0.7375000616420814,223
8509,0.989614320804467,604
8510,0.8105979949074341,157
8511,0.3219858322574892,320
8512,0.5588558537942222,114
8513,0.8706920773493125,304
8514,0.6525781881706604,135
8515,0.28905314743605626,481
8516,0.3688161098076451,277
8517,0.32007362562068564,124
8518,0.40734720094319177,416
8519,0.036985550248521015,230
8520,0.7930187481922982,374
8521,0.3908807567114869,243
8522,0.42847774531721516,367
8523,0.9176537716344088,111
8524,0.7653157004860953,413
8525,0.5863784267174084,158
8526,0.4490186576237599,300
8527,0.1490537887949892,642
8528,0.8188033595675633,336
8529,0.6342247807658379,147
8530,0.32806489774573966,507
8531,0.3015981064797967,254
8532,0.30650294944078327,280
8533,0.2293619965372483,589
8534,0.40888411585040463,383
8535,0.9803435792741108,302
8536,0.65330502709916,103
8537,0.5983741959313353,198
8538,0.0010917689236146222,242
8539,0.5598489491752779,421
8540,0.10035595775115502,260
8541,0.997805281600677,431
8542,0.1967962609524535,192
8543,0.17262542835482064,672
8544,0.3253793630089693,259
8545,0.7022796226798382,520
8546,0.3587289700419346,748
8547,0.47203241035179555,139
8548,0.6836838039931078,298
8549,0.5522887127211478,197
8550,0.6929797798622458,368
8551,0.4138508349183774,309
8552,0.7571427366441839,529
8553,0.1838831761915728,285
8554,0.3229256743708815,111
8555,0.2443065447766951,103
8556,0.19922758602405832,369
8557,0.26401508409846586,444
8558,0.6153834086470423,941
8559,0.9119064383703641,174
8560,0.35826255048071953,438
8561,0.11718845779027698,575
8562,0.5347935466600569,255
8563,0.6540739840226011,289
8564,0.730577989121559,597
8565,0.06834407593723446,129
8566,0.40927077159776126,302
8567,0.5045037495540106,236
8568,0.11621512274701762,205
8569,0.6715103677601436,152
8570,0.8976571185990018,143
8571,0.9882921330969983,309
8572,0.04949825004558195,152
8573,0.8069255615482113,846
8574,0.24553991156639265,515
8575,0.026410424963666412,419
8576,0.4182156734064828,213
8577,0.21413301492437586,178
8578,0.3461854490514764,283
8579,0.6036758398593052,215
8580,0.4417416735484999,351
8581,0.19614240263139204,266
8582,0.1366661193562817,182
8583,0.22197090378388618,687
8584,0.3996788729998577,199
8585,0.3732311196811027,423
8586,0.11683613555963102,238
8587,0.39468331183988903,260
8588,0.4760014017374088,106
8589,0.24750871155850407,562
8590,0.5480128515465975,229
8591,0.9335696347953865,176
8592,0.9255932165222029,196
8593,0.8491176430769102,300
8594,0.3658671331588642,436
8595,0.5087095849803404,473
8596,0.33807410556042106,380
8597,0.8334287980001076,141
8598,0.09988258383723725,191
8599,0.7697095838001201,235
8600,0.30857603470645567,81
8601,0.16383853267836435,69
8602,0.8032191732466336,494
8603,0.8316996901516526,457
8604,0.0033822253349797826,917
8605,0.9900075054472717,240
8606,0.03161080234306235,172
8607,0.29828580924523673,328
8608,0.6844016831266312,373
8609,0.1263469974834447,202
8610,0.4593726320277298,139
8611,0.551859237096468,186
8612,0.6806969199704708,180
8613,0.49741122513391733,285
8614,0.40069824211495875,281
8615,0.8217906691702681,268
8616,0.13830586587879434,539
8617,0.6425316538422036,285
8618,0.357731640929291,365
8619,0.17256802455195341,482
8620,0.7819618295265106,352
8621,0.3884137782669308,205
8622,0.23843656449157336,215
8623,0.5685616589559881,259
8624,0.15213075462968262,420
8625,0.4064982817136703,287
8626,0.8459230051620532,181
8627,0.11153957854560892,460
8628,0.8821465053411168,313
8629,0.0841610407270692,252
8630,0.6651410689804986,276
8631,0.3040719715556889,230
8632,0.4441329547182775,139
8633,0.5244988028917019,548
8634,0.9671665160026183,193
8635,0.4362881188490555,369
8636,0.26526097976290763,320
8637,0.4973741105008954,171
8638,0.8213980822987916,220
8639,0.854830187053069,213
8640,0.08785654010868005,406
8641,0.4194501339768001,423
8642,0.2319960024370895,428
8643,0.8277644058862885,119
8644,0.9366841116823346,447
8645,0.8582814973905495,256
8646,0.6549767244138266,366
8647,0.7861716125287882,464
8648,0.44903440783818516,688
8649,0.09850834771816208,243
8650,0.7578272358815059,173
8651,0.8354844891467034,399
8652,0.5403302279243575,128
8653,0.6862477328208693,582
8654,0.3348137865802112,545
8655,0.41967606806830826,57
8656,0.4483133872813163,269
8657,0.30203646904378223,181
8658,0.06859561251551649,897
8659,0.837820311983208,404
8660,0.17646355163220406,208
8661,0.8625332263842341,293
8662,0.8440700963268666,832
8663,0.6911556257337261,524
8664,0.6650248283489334,305
8665,0.8645884460877875,161
8666,0.7738980878142224,926
8667,0.6203275986584996,440
8668,0.48627371937791963,1085
8669,0.18979642852119238,314
8670,0.009608493181832767,222
8671,0.5790824192149369,261
8672,0.8123733612136314,150
8673,0.717776191349658,210
8674,0.0041768519009138805,143
8675,0.08804899711635172,657
8676,0.8132641257373465,270
8677,0.63507851100297,313
8678,0.5819761681392527,1096
8679,0.562593931946382,150
8680,0.4734619401301461,197
8681,0.018810637786621176,168
8682,0.4087364786548279,196
8683,0.23532273069802867,213
8684,0.9852748708286858,108
8685,0.2961990567894436,490
8686,0.6383663807600873,86
8687,0.3552939261997282,353
8688,0.5809410659146702,236
8689,0.3308162722115052,221
8690,0.15758119189110498,550
8691,0.6182778809510424,196
8692,0.365809481176147,407
8693,0.8206054118750075,303
8694,0.26861291929717224,361
8695,0.3440190124597283,496
8696,0.47889633861789405,240
8697,0.5996798526874457,125
8698,0.6157807705710526,403
8699,0.5409773423622732,475
8700,0.31900233182609905,345
8701,0.1274675153203676,251
8702,0.26640843849448137,145
8703,0.5447817751332957,205
8704,0.9250986276678133,257
8705,0.4471374614350351,611
8706,0.7566018733681679,221
8707,0.2570968489736264,182
8708,0.437488443039992,320
8709,0.8520791429280007,309
8710,0.4675927883371055,201
8711,0.972683591714107,107
8712,0.7346031582089119,349
8713,0.4832774192222916,262
8714,0.47807234668731613,1422
8715,0.6060631035282558,389
8716,0.34206867630657856,104
8717,0.6603724087322835,674
8718,0.8066839779622448,318
8719,0.24908804561921416,328
8720,0.7495502959147404,207
8721,0.41968154480717035,174
8722,0.28635835192051373,498
8723,0.3486386466748348,333
8724,0.5424219669178646,183
8725,0.19186809630678636,153
8726,0.9966535312146815,156
8727,0.8051524857847002,287
8728,0.46440975228246884,174
8729,0.8095268951859359,377
8730,0.9447807420860853,174
8731,0.6946812171933333,157
8732,0.1331878718094034,97
8733,0.947880166150697,77
8734,0.30207047434440504,251
8735,0.6811287669862853,104
8736,0.09049267250830995,394
8737,0.3143174972260595,255
8738,0.8165752944016725,158
8739,0.9343446845526823,165
8740,0.127466319110218,528
8741,0.20982099429180467,365
8742,0.22557545140675783,653
8743,0.42593164123505267,337
8744,0.8262747751771069,562
8745,0.17841784844026498,334
8746,0.44877643414637447,374
8747,0.3816409112280138,672
8748,0.5918801158295571,669
8749,0.7404608191158008,538
8750,0.2816643130107208,644
8751,0.4715933568077444,726
8752,0.639968338278122,298
8753,0.1421057510512025,461
8754,0.32726457587715285,280
8755,0.0792554782452386,449
8756,0.42028248562179615,83
8757,0.6671556988658912,291
8758,0.06602747188004043,112
8759,0.12220934755422841,210
8760,0.26391531964397585,696
8761,0.33747095752722767,202
8762,0.8762395780804401,266
8763,0.1891248899173137,200
8764,0.22507514430237285,169
8765,0.7184517257252169,108
8766,0.3020399616332673,129
8767,0.9511213677329281,417
8768,0.6316845859400909,206
8769,0.023989487109997265,473
8770,0.22032949485530473,256
8771,0.45846897736372283,101
8772,0.528337292578631,143
8773,0.6039418150265086,440
8774,0.10941270345629694,253
8775,0.9662252656620658,565
8776,0.02762130522609374,453
8777,0.31245532399343134,193
8778,0.9170496149780675,189
8779,0.37544253200923594,181
8780,0.8420282029179391,274
8781,0.9596549931587061,418
8782,0.37465373591142115,263
8783,0.997812467508968,765
8784,0.40491779655696736,638
8785,0.10283415102343885,210
8786,0.2021886718395659,212
8787,0.9088100459084588,230
8788,0.1508225671581075,835
8789,0.4095666443507131,513
8790,0.3118101178534135,205
8791,0.4390253071012241,131
8792,0.35461164097461206,274
8793,0.812259763162883,211
8794,0.022076665844876553,239
8795,0.791670646630499,342
8796,0.14745491327746452,135
8797,0.7323106257926977,207
8798,0.9728039459979864,267
8799,0.7474125121808379,141
8800,0.22308277233304508,958
8801,0.08630053237670854,687
8802,0.17873002083788758,147
8803,0.26427179421689384,282
8804,0.22684110460738116,422
8805,0.39969084886799966,152
8806,0.7873415496892847,386
8807,0.5265569400620578,400
8808,0.05388425462097479,277
8809,0.17020010187762902,605
8810,0.28002335261708733,468
8811,0.5117516220692917,191
8812,0.47441361609650823,371
8813,0.5037610269363869,519
8814,0.9846320341349251,92
8815,0.5525860881813226,346
8816,0.3449501984825948,366
8817,0.6855488158949027,529
8818,0.09182044734567518,406
8819,0.5023079717671307,375
8820,0.9360319652193629,401
8821,0.8409681267816304,191
8822,0.7706891957882445,133
8823,0.9011955365685129,317
8824,0.7521460676688821,291
8825,0.8455081824923588,137
8826,0.991448024950762,221
8827,0.9051521692471184,429
8828,0.8838813677304485,331
8829,0.02640360081317228,313
8830,0.32302124315123126,204
8831,0.1626612044180038,375
8832,0.636123575868795,233
8833,0.8777174779123622,250
8834,0.2404773006693074,290
8835,0.23599405943241747,138
8836,0.8496110294486311,627
8837,0.2978399906067195,553
8838,0.0727108501809578,215
8839,0.3361498347070796,531
8840,0.8083978329814884,498
8841,0.2928250324921977,126
8842,0.5194680435842367,215
8843,0.5029827879426054,110
8844,0.8712509692985468,517
8845,0.15852356522909605,214
8846,0.5884807043540162,810
8847,0.7446080614683421,388
8848,0.5250462090718382,528
8849,0.2717131644394709,621
8850,0.958323374141648,180
8851,0.7029835090470938,170
8852,0.799422488789978,272
8853,0.5794410343084707,266
8854,0.3942851778030678,236
8855,0.16625686808646312,164
8856,0.6396443204733626,328
8857,0.5027887984946289,193
8858,0.2927472282475845,169
8859,0.3520843589823681,666
8860,0.2507135317818524,125
8861,0.4656913484730394,551
8862,0.3645249849616168,141
8863,0.5347193548724068,535
8864,0.8360038065847414,282
8865,0.6073437115323902,151
8866,0.09178511348898544,327
8867,0.08329932997166856,616
8868,0.11175771483987618,109
8869,0.8393487780504706,242
8870,0.1469779545162494,135
8871,0.48363673394595985,805
8872,0.887382995636617,760
8873,0.31329486715417765,282
8874,0.7654285435816467,175
8875,0.2003708095985537,651
8876,0.4853877655552822,168
8877,0.5816415641572265,211
8878,0.027078389711573836,257
8879,0.39100390362895043,275
8880,0.11385487390269022,274
8881,0.10695716620257434,383
8882,0.24766597711600258,116
8883,0.40437529777354053,639
8884,0.320603013908919,213
8885,0.5281004842389599,378
8886,0.12242757763195833,823
8887,0.365992536848433,167
8888,0.8457885006130839,235
8889,0.2624442041331184,521
8890,0.6103261491378363,122
8891,0.48161709745277637,97
8892,0.25525011636863315,459
8893,0.38196044625713754,298
8894,0.3420086941051951,218
8895,0.6606187600516881,336
8896,0.18030515204981734,431
8897,0.3405602261619797,236
8898,0.4932330044558485,122
8899,0.5936962722255997,253
8900,0.6725488083560706,1066
8901,0.532469541959273,511
8902,0.06865201480429617,943
8903,0.29862770196824595,120
8904,0.005206535203485574,391
8905,0.9655596415766627,181
8906,0.4133183124502485,137
8907,0.7427840632649548,316
8908,0.7967078084992143,195
8909,0.9623614269731288,294
8910,0.36690324396423335,287
8911,0.39061217559935923,279
8912,0.619312598878049,165
8913,0.7934617556561216,223
8914,0.7786147227070495,200
8915,0.7010178893585712,235
8916,0.9686457371597604,593
8917,0.8765958855789242,53
8918,0.5716240230106217,224
8919,0.1041445582656908,594
8920,0.4578051604618587,395
8921,0.4902369228741186,371
8922,0.10618085359165386,490
8923,0.5985191432250532,234
8924,0.958065250565142,277
8925,0.18701433292322434,424
8926,0.7787541924677144,442
8927,0.07090155228900163,252
8928,0.46646475010748856,196
8929,0.6809294763988745,169
8930,0.003579087396516467,140
8931,0.6375096284377028,214
8932,0.9798468326831362,172
8933,0.5332203494918352,630
8934,0.8403419521116348,354
8935,0.9683976021881091,450
8936,0.5089670408033659,166
8937,0.3392486875274934,529
8938,0.4802468273118753,586
8939,0.18008274640939903,966
8940,0.5021277401422566,326
8941,0.7967329400051835,444
8942,0.8717099559289717,128
8943,0.45702610634479224,329
8944,0.1733535754579968,282
8945,0.11214795127295563,799
8946,0.008790401445814666,113
8947,0.5567320938821402,530
8948,0.6125224297677341,294
8949,0.034387342680034516,364
8950,0.2534255090190398,477
8951,0.09012528002490094,412
8952,0.41055316124653496,466
8953,0.6236135558031861,205
8954,0.585343997383532,232
8955,0.4617116365849171,370
8956,0.7983546391361961,231
8957,0.28279986299220694,790
8958,0.42985237341311655,409
8959,0.6842459573305673,223
8960,0.21886965439816808,165
8961,0.5924135230332099,229
8962,0.7796674007408784,426
8963,0.022092765019085858,367
8964,0.45315742442473517,229
8965,0.7932441497588704,292
8966,0.4041813636914875,350
8967,0.8787999443037013,680
8968,0.2650958792721553,306
8969,0.6018979749597545,312
8970,0.5780407251255718,431
8971,0.5805395153262487,145
8972,0.8887626232494277,1071
8973,0.4114988062739683,151
8974,0.4873343442917174,326
8975,0.3657659975007266,169
8976,0.9098199347642467,260
8977,0.9619075935102444,217
8978,0.8700147791167044,364
8979,0.08442175543000685,179
8980,0.8730036173039973,403
8981,0.6818364595117361,419
8982,0.3277075748538343,360
8983,0.8677096225972761,154
8984,0.9272518836940081,204
8985,0.4192491945214947,279
8986,0.07696932477016794,598
8987,0.7789000390568088,446
8988,0.648865794792922,405
8989,0.28650824787133533,512
8990,0.1542727635341522,164
8991,0.9596832613642481,275
8992,0.9555185502234793,341
8993,0.18076592293879334,686
8994,0.9591038253099711,585
8995,0.31535090239208985,96
8996,0.27805146966594585,521
8997,0.4846703454426976,465
8998,0.4432295743027218,611
8999,0.953780999373424,148
9000,0.12956255693519925,346
9001,0.5761936882207516,446
9002,0.15766819482263428,123
9003,0.06223116016263652,336
9004,0.4619872008913418,84
9005,0.22116408998044357,297
9006,0.31515419551846047,217
9007,0.9531640093652035,197
9008,0.8330566502836266,330
9009,0.5466411439443425,189
9010,0.4681367890197037,1234
9011,0.5874748914376331,212
9012,0.018133009244819975,310
9013,0.8090341124954133,360
9014,0.3448105305274891,133
9015,0.3267759784762355,240
9016,0.7345915742100587,190
9017,0.13019145868788362,392
9018,0.5147671123634006,185
9019,0.9132495137304104,424
9020,0.4830656671816981,148
9021,0.867312509200243,271
9022,0.5764255202648259,421
9023,0.8256408174417729,871
9024,0.4050544526140212,105
9025,0.1418075153269095,187
9026,0.39465865663797306,548
9027,0.7518816025427398,201
9028,0.9407544704421521,543
9029,0.4921374671875448,208
9030,0.047452066084270106,168
9031,0.30344687938907744,260
9032,0.6440629748702059,176
9033,0.25177166456276556,204
9034,0.6824383256911672,201
9035,0.25283217390891677,233
9036,0.31298434995693036,258
9037,0.7158094647123645,192
9038,0.9931279820276276,313
9039,0.04973946416800945,392
9040,0.11631829091309842,264
9041,0.8205654972248317,368
9042,0.7670648982166196,415
9043,0.5972793599687072,315
9044,0.7358514097329462,101
9045,0.9039021470272509,836
9046,0.5366770779631415,197
9047,0.522058453790896,328
9048,0.9418420383735695,505
9049,0.3127812343033931,611
9050,0.651543154745898,582
9051,0.3430425620738068,614
9052,0.26504048915556666,1053
9053,0.7750016387081962,286
9054,0.36737322040704334,130
9055,0.2466698550891374,493
9056,0.49179176176560657,225
9057,0.25134973881041567,273
9058,0.3449441122864846,217
9059,0.921460932866416,402
9060,0.0014371355169704447,115
9061,0.5784054708108234,298
9062,0.486078733267179,852
9063,0.30566535650829696,335
9064,0.3496775950107902,297
9065,0.4353410055200816,1322
9066,0.4524223510442321,230
9067,0.39994509496686814,204
9068,0.7813988214380875,283
9069,0.4771559144933907,251
9070,0.47845637306291966,205
9071,0.4611825462434046,117
9072,0.4199150213867937,213
9073,0.34514587105515304,390
9074,0.7260050942628988,171
9075,0.13492848627705312,668
9076,0.19682707304165403,329
9077,0.9866661139395013,322
9078,0.648039174957932,155
9079,0.6059503592130013,352
9080,0.5110751162270288,333
9081,0.9101272864577362,973
9082,0.7193928351311153,289
9083,0.776325753873408,471
9084,0.04357213131269477,160
9085,0.3425784608923238,126
9086,0.47724563051070257,596
9087,0.21587122585487883,290
9088,0.6644070283182167,317
9089,0.625000486602635,93
9090,0.3514100012589423,235
9091,0.37764426135310714,185
9092,0.1918766158995424,393
9093,0.7202439638983065,344
9094,0.9493965147024359,397
9095,0.512635681690596,313
9096,0.9201717666737321,706
9097,0.9852099446889179,83
9098,0.5411348058400923,244
9099,0.34509701297201933,262
9100,0.7193611891642718,338
9101,0.4664864329915265,64
9102,0.8548133731117697,600
9103,0.8727202281475552,141
9104,0.05041457977620545,591
9105,0.8485612925901455,541
9106,0.3093257772312109,349
9107,0.5997447481917902,351
9108,0.6340165036073456,878
9109,0.810957615768285,551
9110,0.11580808732775061,425
9111,0.3020064300251274,697
9112,0.12410462140099943,244
9113,0.7652040852495299,165
9114,0.7893568863952357,423
9115,0.29483237920445793,300
9116,0.7712358506450743,209
9117,0.8433247338488329,456
9118,0.9272894559760967,311
9119,0.3241626876819189,446
9120,0.846911343175224,303
9121,0.7452003264850467,93
9122,0.2832896853112986,230
9123,0.03429378600811228,449
9124,0.0445310255516157,534
9125,0.021116083164686494,384
9126,0.7184996067405925,198
9127,0.3892586672307421,137
9128,0.6515534128919508,357
9129,0.8823910471883454,181
9130,0.17070081835866657,293
9131,0.26043244548228484,386
9132,0.3186580857608379,335
9133,0.45445108847366433,352
9134,0.7087800997473175,46
9135,0.1887541208849639,657
9136,0.922301298245471,295
9137,0.8961977437362636,472
9138,0.5322282940697266,358
9139,0.07904859582365997,351
9140,0.23066687814203135,517
9141,0.20164873609986478,406
9142,0.9975598782034081,167
9143,0.19120986220454128,354
9144,0.8644408538049572,718
9145,0.5350708791746592,273
9146,0.10857066415941397,361
9147,0.5507917427081117,385
9148,0.9133403424267947,385
9149,0.1134936552912742,980
9150,0.8001426767203141,601
9151,0.8805745305686703,451
9152,0.3754596095418107,205
9153,0.25573662163760946,143
9154,0.67200777753337,246
9155,0.29966277925577145,87
9156,0.6515164292155684,520
9157,0.6181771006738715,207
9158,0.5875123478672363,643
9159,0.9000243588687946,601
9160,0.6936909692338126,273
9161,0.12325793345463587,227
9162,0.22914244068669587,119
9163,0.5281978086362017,563
9164,0.6817936537226609,300
9165,0.11205818202242057,587
9166,0.25254167240753855,178
9167,0.3162412806916275,344
9168,0.5249145208738917,133
9169,0.7497043886211657,620
9170,0.7401901745510464,466
9171,0.5647479127890059,87
9172,0.08296091031990804,217
9173,0.5649587884149457,235
9174,0.34605250776442265,187
9175,0.9627255407686971,68
9176,0.9127310180677076,230
9177,0.8515274892605152,710
9178,0.7321342687277813,123
9179,0.29848877284731146,221
9180,0.6182223294286833,529
9181,0.3075025278280594,724
9182,0.8150735439081067,90
9183,0.22593725217349048,265
9184,0.6606720739725951,697
9185,0.4068626356189765,335
9186,0.4873268959584769,414
9187,0.18609926182370629,374
9188,0.322650851421474,199
9189,0.5248035038587222,619
9190,0.04098375651766595,230
9191,0.4203367837656754,145
9192,0.06433296420381363,379
9193,0.0319274590322387,265
9194,0.5439679831783015,186
9195,0.6282742907110832,649
9196,0.9474433806395425,224
9197,0.4620721489477544,202
9198,0.49670033044427675,128
9199,0.27430658840315614,517
9200,0.2456199427202299,287
9201,0.4256057537844764,105
9202,0.8737739672367566,189
9203,0.23279098038188006,517
9204,0.3815518894363569,91
9205,0.7022238395734498,457
9206,0.6254402414119173,62
9207,0.6746225640253064,349
9208,0.039074039246371206,130
9209,0.09319822112272524,413
9210,0.10259683033253375,477
9211,0.27629976802707257,248
9212,0.8475730086436905,139
9213,0.6665667767258693,251
9214,0.1758407714084853,298
9215,0.38790661614295285,151
9216,0.7644843132405357,715
9217,0.3908457924908342,273
9218,0.9275742967931828,462
9219,0.6935739277620637,448
9220,0.38711143003605575,334
9221,0.975581886276636,389
9222,0.19808094493160944,428
9223,0.8889292469487614,544
9224,0.9561927000097852,617
9225,0.16904439924587633,458
9226,0.6620544066753195,236
9227,0.6150300494297528,118
9228,0.04428197988513194,584
9229,0.6480018411569982,467
9230,0.5643934538240746,367
9231,0.7681721669817614,506
9232,0.0087404614616855,344
9233,0.0020294980545905172,324
9234,0.8911293133769819,267
9235,0.5554641094119821,333
9236,0.6767317720291508,245
9237,0.1877845922266519,319
9238,0.8929228377481129,371
9239,0.8807196733037818,347
9240,0.9265304720444945,987
9241,0.563756581515302,667
9242,0.7437639215280037,371
9243,0.02193485636356718,874
9244,0.8144441782957506,511
9245,0.352875748514516,272
9246,0.21153276351863992,235
9247,0.13299692075657166,206
9248,0.5429331909587904,177
9249,0.5315190795003742,167
9250,0.8403903837832034,330
9251,0.5369232106383027,340
9252,0.027859867727928256,424
9253,0.17613996279089728,333
9254,0.941188701171949,119
9255,0.0740322781182503,210
9256,0.6682218067981991,236
9257,0.7831021778164103,215
9258,0.2050295512841125,180
9259,0.9516810743276192,425
9260,0.9834264238318069,298
9261,0.6272903496252663,499
9262,0.1428749182285729,414
9263,0.9517215345783752,342
9264,0.701616840738943,85
9265,0.08733175490561995,603
9266,0.9108175006678039,95
9267,0.003593577019423533,361
9268,0.2965750276287785,241
9269,0.7407645811215343,299
9270,0.7003612421390393,839
9271,0.7751977992780091,454
9272,0.6099155143368022,396
9273,0.1329872137043019,548
9274,0.4584993206189315,210
9275,0.3658762122318079,781
9276,0.4606822650748228,134
9277,0.7753083576525271,335
9278,0.6203440533426182,313
9279,0.9291528116065104,330
9280,0.8738871314636991,189
9281,0.48970399837751855,605
9282,0.09172483884613902,297
9283,0.1693271099049024,93
9284,0.7718602941998688,404
9285,0.8318249588883134,516
9286,0.5492633782607839,918
9287,0.16237243582101568,748
9288,0.28376389451245854,181
9289,0.36918286579340054,191
9290,0.23692328428698184,295
9291,0.10516589008859711,407
9292,0.39959863223672676,248
9293,0.7186315846715277,244
9294,0.06849953375387186,197
9295,0.9450275497782326,193
9296,0.23217120514287837,78
9297,0.026155115494061576,532
9298,0.1328584768990313,339
9299,0.4347724629918762,369
9300,0.8454259659711482,164
9301,0.4455001858025287,288
9302,0.2785067479181643,160
9303,0.6276052420263158,482
9304,0.24118218664183855,497
9305,0.5611723373052208,464
9306,0.1964021930318227,291
9307,0.4281892394099721,640
9308,0.6288369194454795,159
9309,0.354917991388389,62
9310,0.48044575841959847,370
9311,0.909841053960352,110
9312,0.5229942174636253,248
9313,0.9230002736694579,64
9314,0.40020653781725346,383
9315,0.5653614697226038,222
9316,0.8028582450121199,214
9317,0.3320676043968276,278
9318,0.37627170188741277,507
9319,0.04996086479070061,776
9320,0.9099647442901738,600
9321,0.5655476650216884,475
9322,0.3603196827718823,372
9323,0.13086799611439504,589
9324,0.29457005659491553,154
9325,0.8592488888989392,274
9326,0.6302374958186067,357
9327,0.9258171497773119,163
9328,0.12485096698174825,590
9329,0.1818236446031425,264
9330,0.027110941533883826,255
9331,0.30078684074563367,174
9332,0.7746427611900085,351
9333,0.9232873794582623,168
9334,0.9115245457043971,473
9335,0.4347786482741942,585
9336,0.2001874820578382,305
9337,0.038601134196104336,179
9338,0.4687195106991813,374
9339,0.04125897616215335,407
9340,0.059095544025040914,171
9341,0.7348358257181355,243
9342,0.5237337780829678,496
9343,0.47554053633311155,328
9344,0.2021077943785876,740
9345,0.440140064934907,174
9346,0.9530868538419215,390
9347,0.38002228613248157,183
9348,0.481584395136344,119
9349,0.25147917004547427,392
9350,0.492418057551966,300
9351,0.31462235529266025,298
9352,0.3355009252091594,309
9353,0.585776498604289,328
9354,0.14920017404846242,313
9355,0.0013460165002984192,307
9356,0.6167608227109206,240
9357,0.6503081029483037,116
9358,0.7391420718365576,642
9359,0.48588357454627096,150
9360,0.7297354583993766,321
9361,0.46400474159853433,392
9362,0.6347610895730333,66
9363,0.7754115360705376,183
9364,0.17102735930670154,625
9365,0.6096765278788921,171
9366,0.5713599605388457,178
9367,0.3733929822694356,376
9368,0.9756559348627488,229
9369,0.08482799212752923,139
9370,0.6693179737656608,613
9371,0.2319495172212237,316
9372,0.4820199828475247,105
9373,0.18026786248009474,208
9374,0.6729613558909745,445
9375,0.3298643201406838,1059
9376,0.5469286221837106,308
9377,0.5032959776340368,152
9378,0.35268331774599027,216
9379,0.8766965612515597,120
9380,0.7686060503487189,360
9381,0.4671992234011668,986
9382,0.20537196431120053,120
9383,0.7861719491088275,111
9384,0.049232948873048854,296
9385,0.09122216988802512,119
9386,0.3855776411447829,310
9387,0.2954518292835214,361
9388,0.35956261423452074,182
9389,0.6008267663197224,49
9390,0.5888241591478677,632
9391,0.038124135643386015,185
9392,0.6149826524503722,299
9393,0.9375555441456822,121
9394,0.49111392539522025,335
9395,0.05572483602900313,338
9396,0.7683176640919801,150
9397,0.20762084132227676,157
9398,0.5066469553374137,295
9399,0.1789652777589995,212
9400,0.12764246338629814,159
9401,0.5569355320511844,205
9402,0.3517209155773734,792
9403,0.3435333228453852,340
9404,0.011767213429015544,157
9405,0.26925405266730706,334
9406,0.516488282070005,346
9407,0.34308527536655353,445
9408,0.9220756777199558,240
9409,0.8244938383080932,213
9410,0.037228974899898515,363
9411,0.2539375343334036,412
9412,0.9629146754213974,273
9413,0.3581430909116906,202
9414,0.9247228567178156,101
9415,0.1452831255374497,167
9416,0.9962846570854875,629
9417,0.8880711434863309,379
9418,0.9572948001506948,233
9419,0.5521812383765116,127
9420,0.5483918136798278,432
9421,0.5835904735840901,223
9422,0.7779473816818426,344
9423,0.07947194304069971,407
9424,0.9754741710927312,276
9425,0.20552988667954963,137
9426,0.0994246892730607,456
9427,0.9585403405191987,133
9428,0.7489127927429465,378
9429,0.4055102651801331,262
9430,0.5804901363161056,136
9431,0.48719143815299204,310
9432,0.05225414694026331,214
9433,0.8861642474733472,533
9434,0.6916105615321438,267
9435,0.6086412011980233,198
9436,0.37513091444159186,92
9437,0.9052969088517879,615
9438,0.5428617000321267,147
9439,0.8834263412090432,135
9440,0.6436330219558888,220
9441,0.06399872818164831,205
9442,0.7174078029195682,132
9443,0.843091408671352,221
9444,0.9921936457640824,519
9445,0.8204737615626801,186
9446,0.4409677483325578,197
9447,0.1543617945860699,375
9448,0.7454036141977077,186
9449,0.49661472874800927,266
9450,0.6762718656041743,155
9451,0.16485176228764153,963
9452,0.8185298685215936,474
9453,0.7008227414451678,173
9454,0.259200840824677,230
9455,0.2700982841209424,566
9456,0.10061646239850353,177
9457,0.690316739186297,941
9458,0.707766880916916,299
9459,0.6446645959034556,265
9460,0.9798280087715543,500
9461,0.6714002315945822,98
9462,0.9977319793996501,383
9463,0.6615553964567036,236
9464,0.3979716218921173,404
9465,0.6166510547264257,364
9466,0.08197379104352198,466
9467,0.6099050655261761,263
9468,0.26029110015485957,174
9469,0.3466386046974933,454
9470,0.28809350365746134,98
9471,0.819782167497077,189
9472,0.11379994830388696,180
9473,0.3557686818210014,226
9474,0.6196804094219102,95
9475,0.6889240312990734,102
9476,0.0611137265071513,264
9477,0.8689577886098845,178
9478,0.3124089191106382,332
9479,0.9708809626281163,165
9480,0.4194894720512684,499
9481,0.27100355025852607,362
9482,0.3594485909188251,719
9483,0.5126515436731464,214
9484,0.7594148404866442,69
9485,0.38388726230349923,283
9486,0.6957599138335445,206
9487,0.6828164033671111,308
9488,0.4188718975828004,345
9489,0.43852947733642933,201
9490,0.23652447917624797,573
9491,0.18953419879965483,151
9492,0.5337143171849374,229
9493,0.6395151382704634,524
9494,0.1665094565833446,125
9495,0.01029058120278803,228
9496,0.11113136511200072,474
9497,0.6272670731338772,43
9498,0.8900428427644064,243
9499,0.2844503632505284,629
9500,0.546537318688456,418
9501,0.331068892180555,62
9502,0.5642802548838212,63
9503,0.6250750128942095,563
9504,0.009862567003480094,467
9505,0.11161637000079627,381
9506,0.09005445067776874,280
9507,0.24909236674319202,770
9508,0.9337921994840562,512
9509,0.002292711788036139,234
9510,0.5578518886331202,298
9511,0.09969629084758358,669
9512,0.03143224538739575,245
9513,0.35924921147608635,198
9514,0.9889356783280906,173
9515,0.4095600577518408,301
9516,0.9074486073762794,185
9517,0.5854509614529381,179
9518,0.5798643330000037,761
9519,0.3098409492104106,149
9520,0.7380240209858214,172
9521,0.281782652040771,449
9522,0.806835462380451,274
9523,0.3186621718781061,323
9524,0.2615675090497993,206
9525,0.9334623249307643,426
9526,0.636915244731455,242
9527,0.2565274558000672,443
9528,0.2872070025678666,278
9529,0.4957067834175928,699
9530,0.78835689247614,467
9531,0.7863618091110731,181
9532,0.9003628739076277,570
9533,0.18304556002916694,338
9534,0.7814191763990602,346
9535,0.24103089310726877,854
9536,0.578980907406282,184
9537,0.9233538426859604,366
9538,0.13172874104110222,125
9539,0.6294372031164611,425
9540,0.8271080695476344,438
9541,0.693747346106843,393
9542,0.9272316288345359,195
9543,0.44404190502003504,115
9544,0.19265179622742024,303
9545,0.7491976127357616,196
9546,0.24281634288886333,157
9547,0.4395692704750669,385
9548,0.4592118287944402,627
9549,0.7788390330961124,231
9550,0.3476057417583992,84
9551,0.08977672446823903,518
9552,0.5314425391900514,191
9553,0.8664050798738507,149
9554,0.3123846521087378,432
9555,0.8578234797546714,160
9556,0.8342469583072942,187
9557,0.563701605214264,585
9558,0.7921920754247573,329
9559,0.4484949757231983,141
9560,0.15307731887268594,242
9561,0.27416679160467106,230
9562,0.584803213001459,177
9563,0.13615354496242016,267
9564,0.197867384311757,143
9565,0.3592526570542356,304
9566,0.5345428953439489,295
9567,0.6193374051149576,244
9568,0.8706648129521034,174
9569,0.21815816984604375,163
9570,0.6442081307234808,235
9571,0.576243759232283,201
9572,0.948793910150918,251
9573,0.5240206415438516,240
9574,0.7239468729088944,821
9575,0.7924953620085622,295
9576,0.42304384498677594,608
9577,0.19325709913953482,327
9578,0.6189513852952631,204
9579,0.0255741221392205,429
9580,0.3938917706627809,501
9581,0.08054369599224198,488
9582,0.6233797776166168,381
9583,0.7130377984196634,542
9584,0.530347966941988,642
9585,0.25794598290205195,437
9586,0.7408582090652451,146
9587,0.26142054444186247,565
9588,0.691528256773317,494
9589,0.5170521676825263,251
9590,0.19937224172483592,515
9591,0.3792985107722806,198
9592,0.23609179997565322,225
9593,0.0004895438777984262,295
9594,0.9804816053217301,220
9595,0.8218531662299857,498
9596,0.06599744233023186,524
9597,0.7897131575626019,294
9598,0.7245956916273814,486
9599,0.9588800790140715,358
9600,0.7081871997520252,101
9601,0.5478435913655249,465
9602,0.8535875630604559,416
9603,0.2167745975611145,450
9604,0.05614264710405348,459
9605,0.3346145526165054,1040
9606,0.004215601068891295,785
9607,0.7915629954043139,241
9608,0.18379367499718902,335
9609,0.8649892997363658,383
9610,0.6328852845943588,311
9611,0.6204994376263318,282
9612,0.6412722031957687,298
9613,0.21662942885765946,318
9614,0.6171510993044448,192
9615,0.7288904514322763,295
9616,0.22259476940360856,341
9617,0.5909067685410428,37
9618,0.6496799187572831,161
9619,0.46751570554887734,770
9620,0.8127076487759654,863
9621,0.6930402409596441,465
9622,0.04835252176266858,35
9623,0.8280462485686061,450
9624,0.036298911113956334,294
9625,0.7846090768178863,360
9626,0.8833070417138619,115
9627,0.22708689781385016,122
9628,0.46312350162083415,362
9629,0.43895198196533736,128
9630,0.625319998641171,100
9631,0.11442352192368865,748
9632,0.17768060454863044,523
9633,0.8627277727680569,172
9634,0.9837667480712526,340
9635,0.49944937447316806,227
9636,0.07689786522447628,751
9637,0.25912368248934503,236
9638,0.2320131292169646,184
9639,0.7621976159825168,243
9640,0.9929513723273459,293
9641,0.018327190776576407,247
9642,0.35892321568240426,209
9643,0.9613829063297292,370
9644,0.6318869846532255,233
9645,0.720601057398361,331
9646,0.9774788434818095,332
9647,0.3696417594607644,207
9648,0.5590746759816216,305
9649,0.659123877833366,422
9650,0.5574374639929672,505
9651,0.3798887861854532,287
9652,0.24961829429642923,114
9653,0.7710323502664678,198
9654,0.4310185673342607,287
9655,0.32749893655088147,306
9656,0.48172004603122465,528
9657,0.5604167963107916,22
9658,0.8668883010494317,657
9659,0.5855646458327693,325
9660,0.9423106088342373,253
9661,0.3769056612201227,105
9662,0.4024334909544428,263
9663,0.8427355179424905,743
9664,0.597200972617665,76
9665,0.31108244333908064,312
9666,0.3296927744026136,694
9667,0.6258882501571839,109
9668,0.7343779256026258,165
9669,0.16618881626809934,456
9670,0.27398430396111406,221
9671,0.25861593759781076,400
9672,0.7311574762747897,55
9673,0.3181642551074376,469
9674,0.8121672512169246,164
9675,0.6654970221484279,349
9676,0.7974743638311298,565
9677,0.31371858911499684,896
9678,0.6393622859416452,81
9679,0.25764067409832525,233
9680,0.9105697837340675,285
9681,0.4682688012009709,353
9682,0.7429781282099239,847
9683,0.9383339377904519,249
9684,0.45068385492781327,221
9685,0.04228839730204759,109
9686,0.16916480704383896,98
9687,0.5489693161009558,387
9688,0.2392254315077954,309
9689,0.20089098556665175,209
9690,0.31800502070849845,184
9691,0.23792914400135334,135
9692,0.2946107653101443,139
9693,0.6393746066317767,442
9694,0.4391878228791405,499
9695,0.9496364894198923,201
9696,0.772475916429579,518
9697,0.5967551275121341,171
9698,0.6937400859329076,604
9699,0.9266088708146757,596
9700,0.7503443945058351,341
9701,0.7876457315511324,644
9702,0.658186021521225,465
9703,0.9216189091884952,309
9704,0.17049661606999778,159
9705,0.7349730673024948,442
9706,0.23512815010305455,265
9707,0.10737908362031567,172
9708,0.664473343956142,555
9709,0.5321575540274311,378
9710,0.6924384089404968,280
9711,0.47334853466181315,347
9712,0.526910802559441,64
9713,0.018365683363779417,467
9714,0.44200879023078177,442
9715,0.3547927372290218,124
9716,0.21155939522060185,249
9717,0.8176346363809659,142
9718,0.6725383627281243,385
9719,0.5350645241412094,163
9720,0.18081890462490147,117
9721,0.8334911154871899,458
9722,0.5505157391108392,298
9723,0.25557886798476803,371
9724,0.9130509101850082,222
9725,0.5844723842608521,303
9726,0.2433506506350065,261
9727,0.616022975315029,681
9728,0.6424199863020624,169
9729,0.9662645446855321,121
9730,0.07545240431920563,294
9731,0.5432772203704772,268
9732,0.020109133027250814,182
9733,0.32144464868202194,297
9734,0.12197371838753779,531
9735,0.02518449258006117,558
9736,0.5992075200764574,433
9737,0.6188158102363907,153
9738,0.7167928528970325,146
9739,0.9424760145319118,208
9740,0.41219123018879666,176
9741,0.2805050093006253,161
9742,0.723306120025342,366
9743,0.8338086653645094,438
9744,0.6293538630520112,264
9745,0.2098230166473295,729
9746,0.9105179149686594,227
9747,0.3283121719564567,162
9748,0.6020052943742783,362
9749,0.14426758613349622,200
9750,0.6204225463715959,491
9751,0.5347210685617372,643
9752,0.0453292585093269,124
9753,0.1431704782876888,225
9754,0.2789436715588748,60
9755,0.38028527759444397,293
9756,0.3320409788792781,111
9757,0.1895201139341648,286
9758,0.5535724899104973,591
9759,0.12080398516852753,356
9760,0.24600328968114415,275
9761,0.47634407401834933,446
9762,0.8416516261022403,320
9763,0.13260554062363517,339
9764,0.7594871845493848,288
9765,0.3846338616155983,607
9766,0.33111367586746643,368
9767,0.6110645696866857,42
9768,0.8342759040842813,545
9769,0.008846118036875628,556
9770,0.724030356625105,282
9771,0.7148908168347141,55
9772,0.5893935190298087,352
9773,0.8862389343429375,148
9774,0.5404150644359826,127
9775,0.5847820183345533,416
9776,0.30335108140086964,465
9777,0.9101565380103247,873
9778,0.065919395573517,201
9779,0.5807431411488833,154
9780,0.6793411350761904,156
9781,0.568104784459279,296
9782,0.9271144989638631,404
9783,0.6109854182081702,107
9784,0.37003866545544173,181
9785,0.7605839641999899,230
9786,0.15723247714243904,188
9787,0.5574802944695685,356
9788,0.10014693459604929,353
9789,0.993542652958069,250
9790,0.559373692760442,506
9791,0.8432463806062197,395
9792,0.03230952700217549,437
9793,0.008296090018309776,214
9794,0.731665145971456,97
9795,0.4926039254962622,275
9796,0.3788384343726141,283
9797,0.7346902730052364,306
9798,0.46218645544646564,143
9799,0.0410052932416457,284
9800,0.5284098128684076,158
9801,0.5005694759765453,181
9802,0.6829920340006765,389
9803,0.5413898189004266,127
9804,0.4591279441264635,72
9805,0.013968276306364769,142
9806,0.8012908807734903,329
9807,0.8738368824372076,163
9808,0.9070959532245342,369
9809,0.593287835911108,616
9810,0.7142375973032149,302
9811,0.6710506925596429,221
9812,0.11239353018226428,346
9813,0.5062539642155062,439
9814,0.7802806871302228,434
9815,0.3966228023770023,389
9816,0.383966104022482,149
9817,0.8886016622661252,230
9818,0.7463443862652998,208
9819,0.9114985046387999,146
9820,0.6930136435109201,480
9821,0.7938735437170629,759
9822,0.43210936042242376,331
9823,0.9187876814909519,243
9824,0.23352562624291462,269
9825,0.22748330419982843,1039
9826,0.6143004083768281,309
9827,0.9601717449608144,162
9828,0.0825449250214485,186
9829,0.49863912036492253,307
9830,0.4867820411538707,429
9831,0.1174355383687492,211
9832,0.635474464979947,270
9833,0.8690317392209808,151
9834,0.5079957427973741,556
9835,0.4224027119602566,310
9836,0.6463201529747642,203
9837,0.2895978342152673,142
9838,0.5776656542737342,107
9839,0.9880244085696808,343
9840,0.9363102480829311,172
9841,0.12969604758997788,321
9842,0.764271571258371,450
9843,0.031266888470432574,197
9844,0.931536683534642,173
9845,0.974138383371487,412
9846,0.0364065995184788,512
9847,0.21868558062772137,885
9848,0.6060304804979438,226
9849,0.0014079923609693346,291
9850,0.6207218738838822,324
9851,0.02813369369034968,212
9852,0.5079188011025203,319
9853,0.8569218085456,514
9854,0.14923065619784237,138
9855,0.9919855014772423,220
9856,0.12543411814333094,309
9857,0.9517722369614023,674
9858,0.4323025448932091,202
9859,0.40190208018664,86
9860,0.3817165472564098,382
9861,0.7774404125710469,194
9862,0.10617415090802995,78
9863,0.9045151581935741,244
9864,0.7343319278368112,271
9865,0.8538978308381567,327
9866,0.6461613782295822,122
9867,0.06551880985621406,246
9868,0.6324710981739966,310
9869,0.18653235757723208,236
9870,0.4302402711405524,411
9871,0.931587174942665,329
9872,0.8854086058744564,411
9873,0.8864121273034076,319
9874,0.1514284951940703,311
9875,0.5938777674124638,146
9876,0.5713058996144965,283
9877,0.2899454478013347,451
9878,0.3423875113978265,219
9879,0.9815039828254786,340
9880,0.20052615773177618,114
9881,0.38317957544540027,131
9882,0.3227308196246128,283
9883,0.7513488450572244,223
9884,0.8391848372872173,433
9885,0.8660833808581082,158
9886,0.27581383823860395,487
9887,0.47153801738067447,528
9888,0.5996759695849677,626
9889,0.5783739139356494,136
9890,0.7459890367130171,111
9891,0.9190397805783084,393
9892,0.6896085677929806,311
9893,0.8830797966317105,354
9894,0.3861016508862809,227
9895,0.20886638469457952,278
9896,0.6020094778131222,101
9897,0.7633447851727402,151
9898,0.5060120532072341,483
9899,0.4643359004602883,1087
9900,0.05621278386240536,294
9901,0.6751468928356377,257
9902,0.04398930535820744,154
9903,0.9416886960653496,81
9904,0.34022395530263794,148
9905,0.9270986712647903,226
9906,0.48041827422676453,1087
9907,0.8123998366804487,115
9908,0.9465305586110524,185
9909,0.38492831700266705,129
9910,0.4707085812496612,323
9911,0.006746311452015319,173
9912,0.9545209041168857,68
9913,0.9916541752521283,334
9914,0.8406821095963739,194
9915,0.00970648944110819,156
9916,0.7141440007255051,1023
9917,0.8251507396085096,128
9918,0.8416060540816042,127
9919,0.7964832331904301,223
9920,0.29069335081183756,313
9921,0.6330164233572946,1099
9922,0.503845010929843,522
9923,0.47231533232182743,197
9924,0.013680104972031426,360
9925,0.23034275279625482,425
9926,0.2024194040489099,432
9927,0.513238395049065,199
9928,0.801833265775679,362
9929,0.6552126725710867,210
9930,0.8714347658403009,528
9931,0.19457936452379265,637
9932,0.09237787675760456,341
9933,0.13586679821057568,166
9934,0.11194682239094511,204
9935,0.6682153367920228,205
9936,0.6669900973238551,273
9937,0.8296012591297076,163
9938,0.7297964696960613,114
9939,0.1384779769951674,353
9940,0.37436311915851317,353
9941,0.13933130245782666,908
9942,0.12961265327481108,355
9943,0.0568240070457926,170
9944,0.049704741680764886,384
9945,0.020874262690707246,384
9946,0.4087406292962592,225
9947,0.2528652738802528,126
9948,0.5462022332465133,643
9949,0.6528240653248027,304
9950,0.28239064205076314,645
9951,0.23785527543590912,282
9952,0.2780555811618003,257
9953,0.16366484416054916,609
9954,0.431103315447511,294
9955,0.3065019977232927,389
9956,0.720951427432972,754
9957,0.47842831753238246,273
9958,0.9240415948391053,213
9959,0.7059164108882662,375
9960,0.7371334108815851,489
9961,0.5512152709023823,124
9962,0.210678596514831,309
9963,0.5440829014946656,196
9964,0.6759610586568415,471
9965,0.4888983297846142,283
9966,0.33448236019631306,221
9967,0.10043575136950145,102
9968,0.3205954381378201,479
9969,0.43268961967022734,184
9970,0.10574433259161597,189
9971,0.6705871987684117,342
9972,0.5543430741173415,300
9973,0.7150608842226203,331
9974,0.5708938075541834,201
9975,0.28109551381211206,320
9976,0.17980439319813657,67
9977,0.34005415304835573,388
9978,0.5059068737916652,194
9979,0.06712584029269075,141
9980,0.9897522852323173,314
9981,0.6073172412823206,406
9982,0.6588555489431546,285
9983,0.7938843547374015,206
9984,0.900500280483746,287
9985,0.6694772952121114,146
9986,0.7961759436571831,480
9987,0.14541362683426295,521
9988,0.2187983089668707,212
9989,0.39981992005804623,216
9990,0.3530433391035839,312
9991,0.7720357618989578,118
9992,0.5954331267411268,278
9993,0.2406488740662872,281
9994,0.24135191688779511,235
9995,0.9601326905011218,152
9996,0.6706810260154191,248
9997,0.1943730275338763,531
9998,0.3656670471884592,440
9999,0.6875549262585475,405
